config,iteration,loss_tr_sgd,loss_tr_sgd_std,loss_val_batch,loss_val_batch_std,loss_val,loss_val_std,zero_one_loss_val,zero_one_loss_val_std,loss_te,loss_te_std,zero_one_loss_te,zero_one_loss_te_std,gap,gap_std,zero_one_gap,zero_one_gap_std
SSGD_lrl0.001_lrh0.5,0,1.171244502067566,0.0005005596317525039,2.2842870553334556,0.03373874973136057,2.3039775689442954,0.014770860454139155,0.8983333309491476,0.0075865239149229425,2.3061611652374268,0.0160876046413666,0.8983333508173624,0.0057927154670852745,0.0021835962931315103,0.0028733389751154745,1.9868214925130207e-08,0.012355824188334237
SSGD_lrl0.001_lrh0.5,50,1.1457569599151611,0.026044311964514802,2.2709208329518638,0.009201321012395325,2.298973560333252,0.014847913484985611,0.8901666800181071,0.012664480660690038,2.3006622791290283,0.01583804239817791,0.890666683514913,0.008956671881572273,0.0016887187957763672,0.0026415200034237084,0.0005000034968058268,0.014041598813205616
SSGD_lrl0.001_lrh0.5,100,1.169191837310791,0.01379611420187917,2.327403465906779,0.04192609867403138,2.293482780456543,0.014907689554017507,0.8806666731834412,0.016977119965254625,2.294832150141398,0.01609853654553653,0.8776666720708212,0.015151092102594799,0.0013493696848551433,0.0027167635899005556,-0.0030000011126200357,0.012192921259292801
SSGD_lrl0.001_lrh0.5,150,1.1300767660140991,0.009040132271444111,2.288708766301473,0.04653197172260388,2.2886293729146323,0.014593307507083927,0.8711666663487753,0.016814327367588314,2.2893420855204263,0.015886425938539454,0.8660000165303549,0.01902630221020545,0.0007127126057942709,0.0024352088945688304,-0.00516664981842041,0.012290452220461183
SSGD_lrl0.001_lrh0.5,200,1.1406114498774211,0.0020082310832909667,2.308546463648478,0.016780202874437922,2.283294121424357,0.014385461215631237,0.8491666714350382,0.02104097488701841,2.283628543217977,0.01574065393304979,0.8519999980926514,0.024535676068516307,0.0003344217936197917,0.0025095812441078527,0.0028333266576131186,0.007306739900559976
SSGD_lrl0.001_lrh0.5,250,1.1374692916870117,0.013480525630421444,2.258039633433024,0.01945389355275301,2.2784270445505777,0.014520756291916341,0.834333340326945,0.030480423173714914,2.2784605820973716,0.016035123743505013,0.8360000054041544,0.03159113629727281,3.353754679361979e-05,0.0024123723610349882,0.0016666650772094727,0.0057783143388581235
SSGD_lrl0.001_lrh0.5,300,1.139037291208903,0.005813640312675427,2.2433224519093833,0.022308864086190896,2.2737820943196616,0.014409766333757153,0.8255000114440918,0.03511648299968039,2.273407061894735,0.01592718910462015,0.8256666660308838,0.03602159433203133,-0.0003750324249267578,0.0022543230225723324,0.0001666545867919922,0.008966011122486689
SSGD_lrl0.001_lrh0.5,350,1.1551112333933513,0.017617887948865735,2.3095246156056723,0.024950178110765133,2.2687032222747803,0.014643678702164252,0.809166669845581,0.036790688090923715,2.268103837966919,0.016095389776628794,0.809333344300588,0.041451436765973515,-0.0005993843078613281,0.0021430738376019254,0.00016667445500691733,0.00953356595278248
SSGD_lrl0.001_lrh0.5,400,1.1389662027359009,0.02189200880723282,2.2663497924804688,0.019009818400282753,2.2643775145212808,0.01453292750802991,0.799833337465922,0.03577787914362552,2.26326592763265,0.016011647525984135,0.7983333468437195,0.04590086284086305,-0.0011115868886311848,0.0020812434404904492,-0.0014999906222025554,0.010962047851483699
SSGD_lrl0.001_lrh0.5,450,1.1349601745605469,0.014569466140874655,2.263451019922892,0.02865047393737304,2.25893505414327,0.014460640026020223,0.7883333563804626,0.04286088395746998,2.2574161688486734,0.01614409652270967,0.7873333295186361,0.05202776957426595,-0.0015188852945963542,0.002151854431502435,-0.0010000268618265788,0.010303722368208314
SSGD_lrl0.001_lrh0.5,500,1.1372244755427043,0.018321787530879596,2.246595621109009,0.034437839816031324,2.254055658976237,0.014317930997599733,0.7756666739781698,0.04320751741694154,2.252208630243937,0.015973803729915838,0.7696666717529297,0.051693540142039154,-0.0018470287322998047,0.0021781290448671673,-0.006000002225240071,0.008640977517751565
SSGD_lrl0.001_lrh0.5,550,1.1303195556004841,0.01082816860522363,2.2382145722707114,0.03903085127275281,2.2498907248179116,0.014147824860220573,0.7613333264986674,0.04832070101821258,2.2473793029785156,0.015601558701487403,0.7586666742960612,0.05765027922487226,-0.0025114218393961587,0.002076792156776243,-0.002666652202606201,0.00974106800646535
SSGD_lrl0.001_lrh0.5,600,1.132769227027893,0.00740508572957298,2.26236629486084,0.0274463769580124,2.245246410369873,0.014430385428659608,0.749833325544993,0.04828791327395564,2.2425430615743003,0.01569569380794772,0.7476666768391927,0.05765028290096293,-0.0027033487955729165,0.0018487287208050086,-0.0021666487058003745,0.009401529946516511
SSGD_lrl0.001_lrh0.5,650,1.153369148572286,0.007234651739523668,2.2387266953786216,0.025686230195069295,2.240200916926066,0.014296856253122343,0.737499992052714,0.050523913811698025,2.2372928460439048,0.01581875745833989,0.7356666723887125,0.05407609870909175,-0.0029080708821614585,0.0019814658174347704,-0.0018333196640014648,0.0037712578579847914
SSGD_lrl0.001_lrh0.5,700,1.1354609330495198,0.01384821700107929,2.248361110687256,0.05918508332937646,2.2357780933380127,0.01415315579099081,0.7176666657129923,0.05426836372511529,2.2326629161834717,0.016019949872246305,0.718666672706604,0.05920772442022535,-0.0031151771545410156,0.0022392716764187163,0.0010000069936116536,0.006013873062335884
SSGD_lrl0.001_lrh0.5,750,1.114336887995402,0.0009150454403037558,2.2193952401479087,0.06272715711619159,2.230572064717611,0.014403474757229591,0.7011666695276896,0.05584552250512373,2.227262258529663,0.016275825717528437,0.6973333358764648,0.05561975667103607,-0.0033098061879475913,0.0020826586073471836,-0.003833333651224772,0.006956241700737853
SSGD_lrl0.001_lrh0.5,800,1.142791469891866,0.012679301943723962,2.2309810320536294,0.012805907143301952,2.2264424165089927,0.014251761423301266,0.6889999906222025,0.055727013603283915,2.222811142603556,0.01600592648234129,0.6893333196640015,0.05603172813883428,-0.0036312739054361978,0.001918673416153625,0.0003333290417989095,0.007898667694912943
SSGD_lrl0.001_lrh0.5,850,1.1139789422353108,0.012439649465166625,2.2288665771484375,0.02471747474486664,2.2215590476989746,0.013977920785690687,0.6781666477521261,0.044852222989934874,2.217646360397339,0.015565216713730876,0.6696666677792867,0.04716164002520003,-0.003912687301635742,0.0018054334495565354,-0.008499979972839355,0.008436030017305342
SSGD_lrl0.001_lrh0.5,900,1.1303023497263591,0.010598441459918423,2.194238265355428,0.005104982673662523,2.2171592712402344,0.014483726786552482,0.6581666668256124,0.0462499382671642,2.2129176457722983,0.016160822867869407,0.6493333379427592,0.05249975007013055,-0.004241625467936198,0.001787934496413573,-0.00883332888285319,0.012886246907599727
SSGD_lrl0.001_lrh0.5,950,1.1281707286834717,0.008391349996242574,2.185267607371012,0.024399217128715765,2.2124542395273843,0.014541398991815016,0.6463333368301392,0.04453900729901124,2.208213965098063,0.01627724252402149,0.6379999915758768,0.051775170238861475,-0.004240274429321289,0.0018671531282115155,-0.008333345254262289,0.013356242097452738
SSGD_lrl0.001_lrh0.5,1000,1.1257426738739014,0.02984447377389652,2.1796189149220786,0.01002106362409973,2.207769791285197,0.014445966639141855,0.6306666731834412,0.040996609527594784,2.20323379834493,0.016421909862645814,0.621666669845581,0.04673567006377185,-0.004535992940266927,0.002044770015085013,-0.009000003337860107,0.013272801381575038
SSGD_lrl0.001_lrh0.5,1050,1.1252426306406658,0.01684818154982746,2.213179032007853,0.03477807645607887,2.2035231590270996,0.014507933410413608,0.6211666663487753,0.04115487429155152,2.1984054247538247,0.016448103253489166,0.612333337465922,0.04913475086094796,-0.005117734273274739,0.001990347670459378,-0.00883332888285319,0.015504483989507229
SSGD_lrl0.001_lrh0.5,1100,1.1372980674107869,0.01384714139260856,2.2128469149271646,0.015126233098000928,2.199324448903402,0.01459167162691617,0.6106666723887125,0.040534610808628094,2.1938894589742026,0.016584081668426055,0.606333335240682,0.046226490068766286,-0.005434989929199219,0.002037518174525217,-0.004333337148030599,0.009885437349390062
SSGD_lrl0.001_lrh0.5,1150,1.132845163345337,0.01375868985400335,2.206305821736654,0.016986622055611415,2.1948728561401367,0.01473344549924418,0.5974999864896139,0.0336476742944507,2.1894914309183755,0.01643978177744143,0.5916666587193807,0.040941701922851216,-0.005381425221761067,0.0017333108023486036,-0.005833327770233154,0.01339361980141071
SSGD_lrl0.001_lrh0.5,1200,1.1372474829355876,0.006855125971367728,2.1912678877512612,0.04090530122248038,2.190082867940267,0.014336579137018904,0.5864999890327454,0.030954273508751014,2.184762398401896,0.016069849738124687,0.5753333369890848,0.034470596909581395,-0.0053204695383707685,0.0018228140801229767,-0.011166652043660482,0.008663486242612086
SSGD_lrl0.001_lrh0.5,1250,1.1259407202402751,0.02397442697842598,2.1582982540130615,0.05266169308749549,2.185364246368408,0.01457775142484092,0.5716666579246521,0.03095785781201262,2.179804881413778,0.01666306273830415,0.5586666663487753,0.038870150440455165,-0.005559364954630534,0.002091088032931874,-0.012999991575876871,0.013910424332476025
SSGD_lrl0.001_lrh0.5,1300,1.1174588600794475,0.013320040084383984,2.145820697148641,0.030043658421612524,2.180713176727295,0.01514331671759105,0.5586666464805603,0.031849473914037515,2.17497984568278,0.017312690835910548,0.5466666718324026,0.037464068602074845,-0.005733331044514974,0.002173450281129227,-0.011999974648157755,0.009354145166140589
SSGD_lrl0.001_lrh0.5,1350,1.119941274325053,0.011812492042084457,2.2011664708455405,0.02256820181868132,2.176395893096924,0.014711638487753309,0.5456666549046835,0.0316499896799272,2.170714775721232,0.016871594264789434,0.5323333342870077,0.03652700535031048,-0.0056811173756917315,0.0021614492623960586,-0.013333320617675781,0.007191807544336074
SSGD_lrl0.001_lrh0.5,1400,1.1019506057103474,0.012293890000211617,2.1961371898651123,0.05129338348548207,2.1718077659606934,0.014523270973027358,0.5334999958674113,0.026089584615073623,2.1658130486806235,0.016884552606167533,0.5173333187898,0.030641278678551594,-0.005994717280069987,0.002364223245934818,-0.016166677077611286,0.0077172170705095975
SSGD_lrl0.001_lrh0.5,1450,1.1066246032714844,0.016205574397261533,2.177614609400431,0.021051502372598316,2.1675613721211753,0.01444804280758107,0.5301666557788849,0.026344935914770776,2.1614485581715903,0.016663575651951493,0.514000008503596,0.038183766296465166,-0.006112813949584961,0.002220798774742661,-0.0161666472752889,0.014108705912427272
SSGD_lrl0.001_lrh0.5,1500,1.1277458667755127,0.0230567765792619,2.1596244176228843,0.010979080114065887,2.1634308497111,0.014709002662321665,0.5296666820844015,0.028155326675705184,2.1569329102834067,0.01688059259284995,0.5093333224455515,0.03817794732143566,-0.006497939427693685,0.002172711291839816,-0.020333359638849895,0.014845493741595854
SSGD_lrl0.001_lrh0.5,1550,1.1104287306467693,0.009363818998681694,2.135567585627238,0.07568457302843375,2.159249703089396,0.01459721900763911,0.5226666629314423,0.02770780243138334,2.152390718460083,0.016714596332527504,0.5029999911785126,0.03909816650317849,-0.006858984629313151,0.002118998531846398,-0.019666671752929688,0.013737609179673413
SSGD_lrl0.001_lrh0.5,1600,1.1003899574279785,0.016141076383472418,2.1587249437967935,0.0683303632761938,2.1545629501342773,0.014820716022766904,0.515833338101705,0.022895900812997083,2.1475539207458496,0.01650275850468119,0.49833332498868305,0.03318969091530059,-0.007009029388427734,0.001692433524897344,-0.01750001311302185,0.010708249850016496
SSGD_lrl0.001_lrh0.5,1650,1.1032274961471558,0.002345217416649975,2.146772305170695,0.040395245720797085,2.15006152788798,0.015046794281542528,0.5050000051657358,0.02168333272995381,2.143059174219767,0.016954763253901186,0.4846666753292084,0.031478394109039735,-0.007002353668212891,0.0019375273363334813,-0.020333329836527508,0.01001942977012323
SSGD_lrl0.001_lrh0.5,1700,1.0962697267532349,0.027593902971808575,2.1738085746765137,0.06177149183443476,2.146126667658488,0.015190659415235756,0.4984999895095825,0.021567719178950635,2.1388063430786133,0.017295071543264564,0.4790000120798747,0.027796889689834115,-0.007320324579874675,0.002160729889341101,-0.019499977429707844,0.012851718389153978
SSGD_lrl0.001_lrh0.5,1750,1.093178629875183,0.0063397674792543,2.078430692354838,0.0612445985656629,2.1415651639302573,0.014984657120519877,0.49433334668477374,0.02121451600270364,2.1343077023824057,0.017147191555518363,0.47466666499773663,0.02989240625922114,-0.0072574615478515625,0.002193472877682863,-0.01966668168703715,0.012925001153470079
SSGD_lrl0.001_lrh0.5,1800,1.1018762191136677,0.01426015845646798,2.1279265880584717,0.031042751458851183,2.1374122301737466,0.015168652749697016,0.48783334096272785,0.020072086279446916,2.130073149998983,0.017327678910343782,0.4690000017484029,0.027531793168274997,-0.007339080174763997,0.0021767921829771654,-0.01883333921432495,0.011556608906813464
SSGD_lrl0.001_lrh0.5,1850,1.104756752649943,0.016534649721116575,2.137601375579834,0.04452881675813855,2.1330840587615967,0.015230203407618506,0.48149998982747394,0.019472197868745454,2.1255043347676597,0.017281530863714343,0.46299999952316284,0.031822420708037764,-0.007579723993937175,0.0020752769964040773,-0.018499990304311115,0.01612968205829404
SSGD_lrl0.001_lrh0.5,1900,1.1489391724268596,0.010418176003686145,2.159952084223429,0.05437537244485987,2.1286518573760986,0.015058413656542168,0.4756666620572408,0.022144725889100665,2.1210227807362876,0.01722949900063818,0.4580000042915344,0.031790984101840475,-0.007629076639811198,0.0021920784627768096,-0.01766665776570638,0.014504781063599165
SSGD_lrl0.001_lrh0.5,1950,1.1053226391474407,0.02554435854030586,2.098397652308146,0.03646709194366809,2.124220927556356,0.01526762878439722,0.4721666673819224,0.018798638239002206,2.116576353708903,0.01740446958382382,0.45500000317891437,0.0291318806555235,-0.0076445738474528,0.002169628076272139,-0.017166664203008015,0.017118863184948225
SSGD_lrl0.001_lrh0.5,2000,1.0923222700754802,0.01679685699219078,2.136136849721273,0.04577029225167217,2.1200228532155356,0.015304336854782103,0.46649999419848126,0.018832597096437018,2.112127939860026,0.017489396679119033,0.44966665903727215,0.02694851456234376,-0.00789491335550944,0.0022674877762010664,-0.016833335161209106,0.013695092095429977
SSGD_lrl0.001_lrh0.5,2050,1.0745102961858113,0.015483201642583188,2.133123238881429,0.03172290975492738,2.115731875101725,0.015271838154604925,0.4583333333333333,0.0169033185086481,2.1079626083374023,0.017608127855354892,0.43900000055631,0.02727636841121988,-0.007769266764322917,0.002419033843333485,-0.019333332777023315,0.016177841005845982
SSGD_lrl0.001_lrh0.5,2100,1.074789047241211,0.052472590698801724,2.14385986328125,0.012970700670017567,2.1115543842315674,0.015230878122135026,0.45766666531562805,0.01614689959953652,2.103712558746338,0.017417849507969447,0.43533334136009216,0.02522344238690459,-0.007841825485229492,0.0023176205503892535,-0.02233332395553589,0.01509047025540443
SSGD_lrl0.001_lrh0.5,2150,1.0982976357142131,0.04477054515574577,2.105759541193644,0.05078079165675509,2.107402483622233,0.015367190607436316,0.4503333369890849,0.014923885387120854,2.099207560221354,0.01748587238717476,0.43266666928927106,0.019703365119094027,-0.008194923400878906,0.0021363484596268268,-0.017666667699813843,0.011848591134111765
SSGD_lrl0.001_lrh0.5,2200,1.1087397336959839,0.03778687969487388,2.099926471710205,0.06980933663711954,2.1029932498931885,0.015880041723708507,0.4463333288828532,0.01960159047138613,2.0945564905802407,0.018118494613688748,0.4309999942779541,0.022759616265675384,-0.008436759312947592,0.0023059127496224785,-0.015333334604899088,0.008806569775748176
SSGD_lrl0.001_lrh0.5,2250,1.0755997896194458,0.02604935459112967,2.149844249089559,0.013964648250364475,2.0985936323801675,0.015601153373102179,0.44299999872843426,0.01551344214300873,2.0900704860687256,0.017795085411860898,0.4256666700045268,0.023456813112533753,-0.008523146311442057,0.002335370045267572,-0.01733332872390747,0.015282525801325778
SSGD_lrl0.001_lrh0.5,2300,1.0667473475138347,0.006834959181881953,2.1205968856811523,0.03370511909807882,2.09389058748881,0.015635496040848778,0.4353333314259847,0.017579981613259882,2.08530600865682,0.017975899355004682,0.4156666696071625,0.01913693555778544,-0.00858457883199056,0.002438020130079154,-0.019666661818822224,0.01350514853871747
SSGD_lrl0.001_lrh0.5,2350,1.0856486956278484,0.025195202788076736,2.0670477549235025,0.007783572849556393,2.0898433526357016,0.015968791463578765,0.43799999356269836,0.022319640816550582,2.0812400182088218,0.018092929157085644,0.41999999682108563,0.021275972627850862,-0.008603334426879883,0.0022073185121903155,-0.01799999674161275,0.008031185995967352
SSGD_lrl0.001_lrh0.5,2400,1.0797001123428345,0.03065528711867572,2.0609683195749917,0.06238287454139841,2.0856223106384277,0.015828919911623756,0.4386666615804036,0.018873852153848788,2.0769129594167075,0.017975519216398773,0.4196666677792867,0.025302611227066004,-0.008709351221720377,0.002224125753415829,-0.018999993801116943,0.013366628409607416
SSGD_lrl0.001_lrh0.5,2450,1.0889110565185547,0.043215459726041384,2.05599311987559,0.06421217234348875,2.081500212351481,0.01615371873934926,0.43050000071525574,0.01444529675981058,2.072680393854777,0.01837822154029897,0.40699999531110126,0.019131126295236583,-0.008819818496704102,0.002345757480489379,-0.02350000540415446,0.01283224220509295
SSGD_lrl0.001_lrh0.5,2500,1.1295226414998372,0.021768854042311662,2.009785612424215,0.0851289139245216,2.077477296193441,0.015977006728172826,0.4244999984900157,0.012675430683291359,2.0684827963511148,0.018140990260096797,0.40433333317438763,0.01939644498779366,-0.008994499842325846,0.0023724993899191284,-0.020166665315628052,0.012229281821898988
SSGD_lrl0.001_lrh0.5,2550,1.0999194383621216,0.009146910179501571,2.133678118387858,0.028917850450821903,2.0732510884602866,0.016052015125663698,0.4191666642824809,0.012043892110286497,2.064141035079956,0.01841148898590225,0.396999994913737,0.012727912732855385,-0.009110053380330404,0.002553237296985666,-0.022166669368743896,0.006561666970643945
SSGD_lrl0.001_lrh0.5,2600,1.1119510730107625,0.03469727158568553,2.1005566914876304,0.02562284979802404,2.0689247449239097,0.016329530706967098,0.41733333468437195,0.011085530044252933,2.059724489847819,0.018724988450105742,0.39399999380111694,0.016268580338928786,-0.009200255076090494,0.002546558522322889,-0.023333340883255005,0.007363577242077748
SSGD_lrl0.001_lrh0.5,2650,1.114038308461507,0.017017241151706067,2.0671653747558594,0.04995699595021241,2.0645968119303384,0.01575919520219939,0.4153333306312561,0.011032783867544775,2.0553907553354898,0.01820048044371373,0.3936666746934255,0.016779619299890306,-0.009206056594848633,0.002671902649534758,-0.021666655937830608,0.007961708761069412
SSGD_lrl0.001_lrh0.5,2700,1.1056911150614421,0.029650582704395127,2.0810574690500894,0.012806668062774518,2.0604542891184487,0.016175109173503722,0.41450000802675885,0.012967904172838187,2.0511724948883057,0.0184823598659049,0.3906666735808055,0.01885619094688491,-0.009281794230143229,0.0026030786813052947,-0.02383333444595337,0.007553524925073223
SSGD_lrl0.001_lrh0.5,2750,1.1134612162907918,0.03152319717663931,2.0778562227884927,0.04026437170561762,2.0564023653666177,0.016318236786831062,0.41183332602183026,0.011301426819515957,2.0469489892323813,0.018476208386691395,0.39000000556310016,0.015121740546950795,-0.009453376134236654,0.0024411133418274556,-0.02183332045873006,0.006956219803320619
SSGD_lrl0.001_lrh0.5,2800,1.0602736870447795,0.010601019906264853,2.1056739489237466,0.06811464407814458,2.052139679590861,0.016248175768744145,0.4166666766007741,0.010964590850911149,2.042354186375936,0.01859149748442724,0.38999999562899273,0.013063935269445841,-0.00978549321492513,0.0026550316257751296,-0.026666680971781414,0.004921592766231462
SSGD_lrl0.001_lrh0.5,2850,1.0964309374491374,0.019630594347600294,2.0595403909683228,0.08656697442698182,2.047362804412842,0.016441168875423497,0.4143333435058594,0.010956988036928674,2.0377209186553955,0.018872784233090967,0.3880000015099843,0.013140265285606235,-0.009641885757446289,0.00273727373533302,-0.026333341995875042,0.007306777062296572
SSGD_lrl0.001_lrh0.5,2900,1.0721142689387004,0.01966462348504097,2.0583442846934,0.040425242857680684,2.0432689984639487,0.016434780080113173,0.40800000230471295,0.009652286362127028,2.033550500869751,0.018975175973015644,0.3826666673024495,0.01108551719967999,-0.009718497594197592,0.00281534286808978,-0.025333335002263386,0.004836207456087132
SSGD_lrl0.001_lrh0.5,2950,1.0760504404703777,0.009890200425509076,2.0789116621017456,0.06626451629929564,2.0391300519307456,0.01659233144946417,0.4033333361148834,0.010617069472343466,2.0292531649271646,0.018779536875370283,0.37566665808359784,0.008339995972800667,-0.009876887003580729,0.0025266827444510964,-0.027666678031285603,0.004365271815202164
SSGD_lrl0.001_lrh0.5,2999,1.1551761229832966,0.010549157655150469,2.052805741628011,0.010959615924355605,2.035508394241333,0.01663403124453197,0.39933332800865173,0.01184155226653971,2.0256550312042236,0.018800889453179665,0.3740000029404958,0.010198032418761924,-0.009853363037109375,0.0024814070899374357,-0.025333325068155926,0.003681789070748878
SSGD_lrl0.001_lrh5.0,0,1.147125283877055,0.009038788111213936,2.311504522959391,0.02195467307293103,2.3042941888173423,0.015296971612514618,0.8934999903043112,0.004949733917095423,2.3084792296091714,0.01501224068515068,0.9033333460489908,0.0052493265113781416,0.004185040791829427,0.0013798421705612108,0.00983335574467977,0.004089270032428981
SSGD_lrl0.001_lrh5.0,50,1.161143700281779,0.011035568973700505,2.2977569103240967,0.058187286510377974,2.2996174494425454,0.01502597783686896,0.890666663646698,0.0019292950422348887,2.303523619969686,0.014723966675898419,0.899999996026357,0.0045460544820757265,0.0039061705271402993,0.0013375024789275898,0.009333332379659018,0.003118039538827776
SSGD_lrl0.001_lrh5.0,100,1.1594678958257039,0.0077278828046220055,2.328115542729696,0.02556055744973344,2.294128656387329,0.01508766640847905,0.8788333336512247,0.005948863562635959,2.2977164586385093,0.014776900554224207,0.8853333393732706,0.0028674302444947636,0.003587802251180013,0.0011984515095260437,0.0065000057220458984,0.003082225334319619
SSGD_lrl0.001_lrh5.0,150,1.1400669415791829,0.01887581716153204,2.3406928380330405,0.023884955352957142,2.2895687421162925,0.015114361499436664,0.8654999931653341,0.006041537285675688,2.292426268259684,0.015075403061111737,0.8793333371480306,0.0033993493349167253,0.0028575261433919272,0.0012956251798364063,0.013833343982696533,0.0030641504542575004
SSGD_lrl0.001_lrh5.0,200,1.1317588885625203,0.006140622547629904,2.262225071589152,0.03923021077147914,2.2843783696492515,0.015320898648216296,0.8488333225250244,0.012518879046606762,2.286874214808146,0.015136017693632299,0.8606666723887125,0.01586052178474855,0.002495845158894857,0.0013586331815098097,0.01183334986368815,0.0034721274443932346
SSGD_lrl0.001_lrh5.0,250,1.1575417915980022,0.008019463538136854,2.260666847229004,0.024583704871288563,2.279355049133301,0.015094855928768173,0.837499996026357,0.018087734243574117,2.281498114267985,0.014986291777000567,0.8523333271344503,0.020499328971888314,0.0021430651346842446,0.0009738020064557788,0.014833331108093262,0.004938539076523349
SSGD_lrl0.001_lrh5.0,300,1.1521681149800618,0.004833161534872949,2.265890121459961,0.0179143144264207,2.274674336115519,0.015555446422698451,0.8243333498636881,0.026712461633560298,2.276299079259237,0.015543843977516254,0.8399999936421713,0.025729346007268637,0.001624743143717448,0.0009960309568629168,0.015666643778483074,0.0024944539329974534
SSGD_lrl0.001_lrh5.0,350,1.161085844039917,0.021202261129653625,2.263259251912435,0.016478159029626807,2.26974089940389,0.015282753991676062,0.8101666569709778,0.02998423806198162,2.271214008331299,0.015111915525514849,0.8269999821980795,0.02817800806658798,0.0014731089274088542,0.0012406006595145369,0.016833325227101643,0.0030641255984917987
SSGD_lrl0.001_lrh5.0,400,1.1488450368245442,0.01706437563683462,2.2803431351979575,0.01618398870267942,2.264977216720581,0.015227044509216487,0.8003333409627279,0.03374001104702779,2.2660513718922934,0.014951187875377546,0.812333325544993,0.035122019925297926,0.0010741551717122395,0.0012043329850334014,0.011999984582265219,0.0017795236264725163
SSGD_lrl0.001_lrh5.0,450,1.1416220267613728,0.0014447977909292748,2.2310638427734375,0.031055090966916808,2.2601208686828613,0.015465964878682263,0.7861666679382324,0.03750850731177295,2.260865052541097,0.015411286078314053,0.8009999990463257,0.03556214015177949,0.0007441838582356771,0.0009454070279136951,0.014833331108093262,0.0024944326929822722
SSGD_lrl0.001_lrh5.0,500,1.1470223665237427,0.005529753537484076,2.2758801778157554,0.050925485643757505,2.255617141723633,0.014859925551026042,0.7735000054041544,0.036131698876069616,2.2560697396596274,0.01489886794733418,0.7880000074704488,0.036340962048020675,0.00045259793599446613,0.0005179751895235953,0.014500002066294352,0.0010801187408223153
SSGD_lrl0.001_lrh5.0,550,1.114514946937561,0.0024077476816338063,2.2340408166249595,0.030095506262913584,2.250737428665161,0.014863746658878895,0.7561666568120321,0.04574627904751769,2.250948111216227,0.014822315735871547,0.7766666611035665,0.039177652990652,0.00021068255106608072,0.0006761652438757407,0.020500004291534424,0.006570137556834946
SSGD_lrl0.001_lrh5.0,600,1.14257816473643,0.011010671970584593,2.2504194577534995,0.004788034438640359,2.246117353439331,0.01482429823213368,0.7456666628519694,0.04282198791870364,2.246071736017863,0.014761533987507618,0.7619999845822653,0.03937002957978792,-4.561742146809896e-05,0.0003806763750501345,0.016333321730295818,0.0039228760150206545
SSGD_lrl0.001_lrh5.0,650,1.134604573249817,0.02535653690695598,2.2579754988352456,0.006043733724410478,2.241657336552938,0.01487207763126648,0.7328333457310995,0.04575358019012938,2.241529703140259,0.0150211523258742,0.7450000047683716,0.04259109171956837,-0.00012763341267903647,0.0004143679847564109,0.012166659037272135,0.0033249885772448605
SSGD_lrl0.001_lrh5.0,700,1.1373217105865479,0.011538306706533396,2.2408308188120523,0.0157802284133109,2.237565835316976,0.014876450000143624,0.7196666598320007,0.046533733985086714,2.236799875895182,0.014899024618621904,0.7366666595141093,0.03996944458767151,-0.0007659594217936198,0.00019108485191852195,0.016999999682108562,0.007176326868760247
SSGD_lrl0.001_lrh5.0,750,1.1340255339940388,0.004090613142711591,2.2486871083577475,0.06179734170293709,2.2326673666636148,0.014772440323241463,0.715499997138977,0.04483488022015975,2.2316836516062417,0.01485139856278052,0.7296666701634725,0.04074583378656891,-0.0009837150573730469,0.00018310391653912983,0.014166673024495443,0.004478341486490162
SSGD_lrl0.001_lrh5.0,800,1.1259665886561077,0.023187180185752644,2.214609146118164,0.04160920376715228,2.2283945083618164,0.014825744137484772,0.7044999996821085,0.045344976012934884,2.227130174636841,0.01483791908184017,0.7176666657129923,0.03408159460935944,-0.001264333724975586,0.00011099983162388325,0.013166666030883789,0.012518879046606762
SSGD_lrl0.001_lrh5.0,850,1.1312365134557087,0.015387200004711792,2.2169535954793296,0.01834369175200448,2.223648945490519,0.01443373351709098,0.6896666685740153,0.04501544022286317,2.222283363342285,0.014280619297186034,0.6986666520436605,0.029227075619355482,-0.0013655821482340496,0.0002278310721046539,0.008999983469645182,0.015795585129421794
SSGD_lrl0.001_lrh5.0,900,1.1359277963638306,0.022597593672309027,2.212148666381836,0.012776301666002042,2.2192795276641846,0.014625590872993673,0.678166667620341,0.047225228164347766,2.2176093260447183,0.01468887440435661,0.6870000163714091,0.030342489072961196,-0.0016702016194661458,0.0004810088908194341,0.008833348751068115,0.01883849208925167
SSGD_lrl0.001_lrh5.0,950,1.1333233912785847,0.017775744599942387,2.220419009526571,0.02952503662639559,2.2150673071543374,0.014910253426677279,0.6698333223660787,0.05122717243732886,2.2126795450846353,0.014920112918232838,0.6763333280881246,0.036003068654828,-0.0023877620697021484,0.0002639835279695408,0.0065000057220458984,0.015297083696450643
SSGD_lrl0.001_lrh5.0,1000,1.1238779624303181,0.023668425599096966,2.1855183442433677,0.030460814409048693,2.210420608520508,0.014720584371300579,0.6611666679382324,0.047613618007356494,2.2081655661265054,0.014892685776764093,0.6679999828338623,0.03432199514229908,-0.002255042394002279,0.00017393691592484535,0.006833314895629883,0.013318764221201878
SSGD_lrl0.001_lrh5.0,1050,1.1260213057200115,0.003121499872051451,2.1919756730397544,0.04388962695955523,2.2058196862538657,0.01473734953100664,0.6483333309491476,0.04642077292560437,2.2033979098002114,0.015108205808646732,0.6523333191871643,0.03278549560717125,-0.002421776453653971,0.00043226685974518905,0.003999988238016765,0.013638176557372364
SSGD_lrl0.001_lrh5.0,1100,1.1181230147679646,0.00305875934964493,2.2212558587392173,0.044569000360644054,2.2016873359680176,0.01482911829771835,0.6389999985694885,0.05207847312172609,2.1989864508310952,0.015217553763371973,0.6363333264986674,0.04007769726778785,-0.0027008851369222007,0.0005723741509730464,-0.0026666720708211264,0.012425352730200661
SSGD_lrl0.001_lrh5.0,1150,1.134197990099589,0.03802910310184159,2.2145489851633706,0.024778619965404244,2.1974926789601645,0.01527790236127251,0.6299999952316284,0.05199199452888799,2.1946924527486167,0.015343675433863297,0.6306666533152262,0.03777419039688194,-0.0028002262115478516,0.0003137663383324647,0.000666658083597819,0.014226345380178841
SSGD_lrl0.001_lrh5.0,1200,1.1306979258855183,0.005668419058684415,2.2027498881022134,0.05146986806675439,2.192930539449056,0.014929477185989729,0.6166666547457377,0.0425565016321531,2.1900864442189536,0.015014189309062866,0.6173333326975504,0.03056506937014969,-0.002844095230102539,0.00024817400544506864,0.0006666779518127441,0.014845485265493527
SSGD_lrl0.001_lrh5.0,1250,1.1273272037506104,0.0037527762527166616,2.208512544631958,0.00964638726242341,2.1886351108551025,0.014746690670664475,0.6143333315849304,0.044030935678774946,2.1852850914001465,0.014964211006459302,0.6136666735013326,0.029914698694544644,-0.0033500194549560547,0.00023725008727329698,-0.000666658083597819,0.014354643604790463
SSGD_lrl0.001_lrh5.0,1300,1.117596705754598,0.01343374059900102,2.1633103688557944,0.03261640350593775,2.1843601862589517,0.01511518468522982,0.609500010808309,0.04491288410295304,2.1806859970092773,0.015358413531644358,0.6056666771570841,0.02795632262752777,-0.003674189249674479,0.00030256193400679895,-0.003833333651224772,0.01704080070529497
SSGD_lrl0.001_lrh5.0,1350,1.106046160062154,0.018228975176402082,2.1817239125569663,0.03476055018857191,2.180018663406372,0.015033848367015887,0.5946666598320007,0.04170797861452082,2.1762043635050454,0.015225496512808787,0.5886666576067606,0.029488233825789995,-0.0038142999013264975,0.00020903317102591076,-0.006000002225240071,0.014899668618181225
SSGD_lrl0.001_lrh5.0,1400,1.1274378697077434,0.016826715985159873,2.1704118251800537,0.0545199172223803,2.1755383809407554,0.014657297734008893,0.5850000182787577,0.037436606900151125,2.1716014544169107,0.014753938112896452,0.5756666660308838,0.029691015365117167,-0.003936926523844401,9.66434414996187e-05,-0.009333352247873941,0.013505130517025845
SSGD_lrl0.001_lrh5.0,1450,1.0789649883906047,0.030103682419030182,2.155160744984945,0.024388142842746575,2.17132568359375,0.014441784721903262,0.5830000042915344,0.03934676946800624,2.167243798573812,0.014609091117928304,0.5709999998410543,0.02596151704894954,-0.004081885019938151,0.00018016215087874669,-0.012000004450480143,0.01594260264972952
SSGD_lrl0.001_lrh5.0,1500,1.120210329691569,0.024699812951900046,2.169984976450602,0.010375279817297472,2.1671358744303384,0.014836544788211505,0.5666666626930237,0.041191282085508735,2.162863572438558,0.015026963731234218,0.5536666711171468,0.028311770005183284,-0.004272301991780599,0.00042562630640049045,-0.012999991575876871,0.017526152152356502
SSGD_lrl0.001_lrh5.0,1550,1.109012246131897,0.004264283551325205,2.1380554835001626,0.032444749781313724,2.162163734436035,0.014513984450151538,0.562333345413208,0.04594259361117748,2.1578083833058677,0.014721404827102247,0.5523333350817362,0.035122019925297926,-0.0043553511301676435,0.0003653074922489428,-0.010000010331471762,0.011187780117471555
SSGD_lrl0.001_lrh5.0,1600,1.0778437455495198,0.010683245193217077,2.167354106903076,0.040534843945302566,2.157712936401367,0.014335522505385827,0.5556666453679403,0.0432634031828097,2.153236468633016,0.014723921981606899,0.5430000027020773,0.030243432480149074,-0.004476467768351237,0.0006253978931747633,-0.012666642665863037,0.013725504555138608
SSGD_lrl0.001_lrh5.0,1650,1.1175695260365803,0.014077786843982497,2.154341220855713,0.0363667958050865,2.1535394191741943,0.014442885044122396,0.5435000061988831,0.04197816212148811,2.148897171020508,0.014739436460469461,0.5286666651566824,0.028686026414143095,-0.0046422481536865234,0.0007648447455682172,-0.014833341042200724,0.014435697109963928
SSGD_lrl0.001_lrh5.0,1700,1.0893567005793254,0.004084681100545063,2.174171765645345,0.03914752773541622,2.1499264240264893,0.014883975801526526,0.5376666585604349,0.044068773403539825,2.1451894442240396,0.01528426425745254,0.5243333379427592,0.02633544539983665,-0.004736979802449544,0.0007576233790212902,-0.013333320617675781,0.02027451091285839
SSGD_lrl0.001_lrh5.0,1750,1.0877431233723958,0.03143013720842939,2.1654988129933677,0.026231931217251755,2.1459389527638755,0.015084508302890676,0.5196666816870371,0.03593823079421493,2.1407998402913413,0.015295509223099,0.5089999934037527,0.021771531792595805,-0.00513911247253418,0.0005524438186356096,-0.010666688283284506,0.016048560727848358
SSGD_lrl0.001_lrh5.0,1800,1.0833922227223713,0.04363598625810009,2.137570381164551,0.06288373439139136,2.141697724660238,0.014780528010644972,0.5168333351612091,0.03428394516525939,2.1362854639689126,0.014886387528478219,0.5090000132719675,0.020607458716274982,-0.00541226069132487,0.0005857798231192596,-0.007833321889241537,0.0160537156123672
SSGD_lrl0.001_lrh5.0,1850,1.1093425750732422,0.022580881250598674,2.11672043800354,0.03914758108476884,2.1372812589009604,0.015018135003263109,0.5141666531562805,0.038990015102087036,2.1318933169047036,0.015018753426833587,0.5079999963442484,0.0237206070499278,-0.005387941996256511,0.0008833138687277826,-0.0061666568120320635,0.016048514921559353
SSGD_lrl0.001_lrh5.0,1900,1.093920151392619,0.018690082131634162,2.1388324896494546,0.07731318834984142,2.133291244506836,0.015065443871890584,0.5000000099341074,0.033543511134231915,2.1276482741038003,0.015311770103473633,0.4896666705608368,0.01811690722332107,-0.0056429704030354815,0.0009198881791378391,-0.01033333937327067,0.0172352984547907
SSGD_lrl0.001_lrh5.0,1950,1.0804194211959839,0.02460800651315458,2.1852822303771973,0.04110662534413871,2.1291568279266357,0.015316525097932361,0.48866666356722516,0.03378938526467468,2.123454729715983,0.01515028124820043,0.47833333412806195,0.017249802569860632,-0.005702098210652669,0.0004731493574801445,-0.010333329439163208,0.018798634627943317
SSGD_lrl0.001_lrh5.0,2000,1.105175216992696,0.027226334097996956,2.094491799672445,0.04845411962101434,2.1250178019205728,0.01522512110619936,0.4818333387374878,0.03700076185049409,2.119065602620443,0.015449097133868361,0.4673333366711934,0.015627617559952033,-0.005952199300130208,0.0007222501534806727,-0.014500002066294352,0.021783024581067928
SSGD_lrl0.001_lrh5.0,2050,1.0861187378565471,0.020432381945580225,2.1196611722310386,0.015683536980256645,2.1208928426106772,0.015482274759715172,0.4738333324591319,0.03782489184523601,2.114740530649821,0.01562965010056128,0.45866666237513226,0.019223836620922884,-0.00615231196085612,0.0008608456508337025,-0.015166670083999634,0.018665171941593138
SSGD_lrl0.001_lrh5.0,2100,1.1013357241948445,0.02995110532004853,2.088542620340983,0.020966804296273685,2.116785764694214,0.01538335313027124,0.467166672150294,0.03256361577576762,2.110378901163737,0.015497765181774372,0.45533334215482074,0.016006944760175338,-0.006406863530476888,0.0010799048292219541,-0.011833329995473226,0.016644987650603335
SSGD_lrl0.001_lrh5.0,2150,1.0914486646652222,0.059836036849279586,2.15430482228597,0.025973952569978507,2.112870136896769,0.015263206389328772,0.46399999658266705,0.03295703305011784,2.1061474482218423,0.01527994122337578,0.44733333587646484,0.01665999386882269,-0.006722688674926758,0.0008544308732306952,-0.01666666070620219,0.017513477500439984
SSGD_lrl0.001_lrh5.0,2200,1.1367265780766804,0.016556234708434658,2.1113269329071045,0.03238354248211401,2.1089563369750977,0.015729308067674308,0.45850000778834027,0.033483834052690495,2.102009932200114,0.015882686282584716,0.44100000460942584,0.01710749550632615,-0.006946404774983724,0.0008287802549324595,-0.017500003178914387,0.01697548773837611
SSGD_lrl0.001_lrh5.0,2250,1.0782619714736938,0.020661300280609415,2.0810531775156655,0.01097615971035688,2.104055325190226,0.015414437850929908,0.453000009059906,0.03516391154919966,2.097478230794271,0.015616735273534826,0.43900000055631,0.020412407223146058,-0.006577094395955403,0.0006921230804214153,-0.014000008503595987,0.015911231893968952
SSGD_lrl0.001_lrh5.0,2300,1.1100475390752156,0.053688234891192635,2.1271653970082602,0.06397433808588536,2.0998881657918296,0.015452388442599546,0.4514999985694885,0.03488074017072344,2.0931711196899414,0.015571846190712692,0.4336666663487752,0.02156127795013896,-0.0067170461018880205,0.0008859082891359876,-0.0178333322207133,0.015326084541664998
SSGD_lrl0.001_lrh5.0,2350,1.11704683303833,0.01577044875824346,2.0871044794718423,0.021761985391493783,2.09562611579895,0.015687470495424103,0.445333331823349,0.03935380104168462,2.089008013407389,0.01580809627817968,0.43066667517026264,0.02456736896068371,-0.006618102391560872,0.0010440411253776467,-0.014666656653086344,0.015472188138936473
SSGD_lrl0.001_lrh5.0,2400,1.0772288640340169,0.022687849853184318,2.070108413696289,0.02988656453276992,2.091580073038737,0.015846400774744782,0.4411666691303253,0.0381757680238765,2.0847020943959556,0.01614367878076607,0.4220000008742015,0.022992756736174506,-0.006877978642781575,0.0010217196204159432,-0.01916666825612386,0.015222425644893362
SSGD_lrl0.001_lrh5.0,2450,1.0452899932861328,0.03404750627746667,2.1124632358551025,0.054235674532224845,2.0874765714009604,0.016020317384868643,0.4403333266576131,0.035861624992073696,2.0804543495178223,0.016453202157715407,0.4243333339691162,0.025901521447278145,-0.0070222218831380205,0.0009273795094477666,-0.015999992688496906,0.010107760753025491
SSGD_lrl0.001_lrh5.0,2500,1.1531375249226887,0.009957932603887483,2.082833449045817,0.06957635119748014,2.083531936009725,0.015699799679618914,0.43083332975705463,0.03281853460940679,2.0762877464294434,0.015841998533532166,0.414000004529953,0.019646886114375987,-0.007244189580281575,0.0008104808143208799,-0.016833325227101643,0.01429647019351258
SSGD_lrl0.001_lrh5.0,2550,1.0754332939783733,0.017807107445181627,2.092912197113037,0.02387987315316907,2.07919708887736,0.015858126301594,0.4258333345254262,0.035856963187683125,2.0720032850901284,0.015718447927654457,0.4113333423932393,0.022095753592229844,-0.007193803787231445,0.0006227816706715594,-0.01449999213218689,0.013910418976359909
SSGD_lrl0.001_lrh5.0,2600,1.0961898565292358,0.03540196564203169,2.097313324610392,0.03276611209180357,2.0746278762817383,0.01570878234267239,0.4191666543483734,0.0336311692038603,2.0671428044637046,0.01570075912755929,0.4040000041325887,0.023036200051381846,-0.0074850718180338545,0.0007512114124079707,-0.015166650215784708,0.0135789823028598
SSGD_lrl0.001_lrh5.0,2650,1.10374919573466,0.010349833096891428,2.0845325787862143,0.04706104342851081,2.0709484418233237,0.015508619037106127,0.4184999962647756,0.02960574018836749,2.0634917418162027,0.015145054531094982,0.3996666669845581,0.01892676068739374,-0.0074567000071207685,0.0010585074883019087,-0.018833329280217487,0.012140373962729014
SSGD_lrl0.001_lrh5.0,2700,1.084791660308838,0.03271781928978184,2.0210052728652954,0.058656944311903624,2.0672887166341147,0.0161329888205222,0.41516666611035663,0.03578252904124695,2.0594942569732666,0.01602287542522996,0.39800000190734863,0.028178007714040762,-0.0077944596608479815,0.0009751531940114186,-0.017166664203008015,0.00964652584356673
SSGD_lrl0.001_lrh5.0,2750,1.087774395942688,0.05355962725116522,2.0784751574198403,0.08058051490592637,2.0629874070485434,0.015890421406520593,0.4086666703224182,0.03094169869022757,2.055135647455851,0.01611075988295176,0.39299999674161273,0.021416510832501425,-0.007851759592692057,0.0009522183417044983,-0.015666673580805462,0.010648413545157949
SSGD_lrl0.001_lrh5.0,2800,1.0821420351664226,0.03219156711777445,1.9879528681437175,0.05757271526036738,2.0583767890930176,0.01624705971420918,0.4048333366711934,0.03279312812767002,2.0505549907684326,0.0166491042037969,0.3889999985694885,0.02219609687347482,-0.007821798324584961,0.0009532837862853991,-0.015833338101704914,0.011108060132736972
SSGD_lrl0.001_lrh5.0,2850,1.0987204710642497,0.03672512379708381,2.0143027702967324,0.03372410893315937,2.0541239579518638,0.016432125181964585,0.3985000054041545,0.027120108662958286,2.0457400480906167,0.016620425510891157,0.38199999928474426,0.02021550283245261,-0.008383909861246744,0.0008174111202539187,-0.016500006119410198,0.007082850110649727
SSGD_lrl0.001_lrh5.0,2900,1.1058604717254639,0.06803471125795778,2.0421388943990073,0.05178985920026264,2.0502754847208657,0.015975056184869225,0.3974999984105428,0.026495278927583837,2.041900873184204,0.016218937956584696,0.38199999928474426,0.0187082929872746,-0.008374611536661783,0.0011969315926997793,-0.015499999125798544,0.007873998598486965
SSGD_lrl0.001_lrh5.0,2950,1.0717569589614868,0.024995891158435517,2.0722409884134927,0.037565146085191244,2.046078602472941,0.016143497887042807,0.38866666952768963,0.02260652742319941,2.0376522541046143,0.016398691031271433,0.37800000111262005,0.01451436274159215,-0.008426348368326822,0.0009105228600122226,-0.01066666841506958,0.008106912072718556
SSGD_lrl0.001_lrh5.0,2999,1.0975233316421509,0.018123573879727444,2.0490597089131675,0.03698412317239121,2.042830546696981,0.016256080764482025,0.3903333346048991,0.030968624966725526,2.0343614419301352,0.016408659122021347,0.3763333261013031,0.022647059091889164,-0.008469104766845703,0.0009598440826606057,-0.014000008503595987,0.008336659956388692
SSGD_lrl0.01_lrh0.5,0,1.147125283877055,0.009038788111213936,2.31072735786438,0.023259245768512883,2.3032724857330322,0.015035031490184881,0.8884999950726827,0.004949753987018402,2.3076656659444175,0.014590007006597489,0.8956666787465414,0.004496910588858384,0.004393180211385091,0.0013353143358242271,0.007166683673858643,0.007961720822510265
SSGD_lrl0.01_lrh0.5,50,1.1460357507069905,0.01189970090823787,2.246653397878011,0.05019357973194474,2.258989095687866,0.013264965011253373,0.8068333268165588,0.04552351519427077,2.2612670262654624,0.012816023187316351,0.827999989191691,0.04336664896668336,0.002277930577596029,0.0011335491152826543,0.021166662375132244,0.006835361842590604
SSGD_lrl0.01_lrh0.5,100,1.1379956007003784,0.021494954583832517,2.236443042755127,0.03356467406378426,2.2096574306488037,0.0144358329414898,0.6714999874432882,0.03804165520029282,2.2096429665883384,0.013853944922885896,0.6766666769981384,0.014974042391787555,-1.4464060465494791e-05,0.0006281960635579632,0.005166689554850261,0.023474598698342466
SSGD_lrl0.01_lrh0.5,150,1.121856689453125,0.017082787292957303,2.2025578022003174,0.0434439332487297,2.170487562815348,0.01620481144826283,0.6193333466847738,0.0362338213921971,2.165131409962972,0.01802762371063064,0.6003333330154419,0.019067136768295,-0.005356152852376302,0.0023425727138327037,-0.019000013669331867,0.01728198262708977
SSGD_lrl0.01_lrh0.5,200,1.0998623371124268,0.007607843689645394,2.110602299372355,0.024714646377988803,2.125094254811605,0.017478152576044355,0.49950000643730164,0.011518112962857919,2.118393659591675,0.017799716610447536,0.48900000254313153,0.01275409613989885,-0.006700595219930013,0.001990439706217055,-0.010500003894170126,0.007071075117319217
SSGD_lrl0.01_lrh0.5,250,1.1143631140391033,0.009048360207376952,2.099416732788086,0.008427994337183334,2.082675298055013,0.015994522250164244,0.4091666638851166,0.014789266549185533,2.0748069286346436,0.015882097004671997,0.39233332872390747,0.006944218171144459,-0.007868369420369467,0.0013775340558044172,-0.016833335161209106,0.01227690505265877
SSGD_lrl0.01_lrh0.5,300,1.1188934644063313,0.02546830616455564,2.0491319497426352,0.03428195452536183,2.044987201690674,0.020587440514467526,0.41999999682108563,0.026733253846403588,2.034808874130249,0.021383041712323685,0.40266666809717816,0.027010283346615944,-0.010178327560424805,0.0010435671537585153,-0.01733332872390747,0.0026246720871239844
SSGD_lrl0.01_lrh0.5,350,1.1437321503957112,0.011342769753404548,1.9995650053024292,0.02765155813599725,2.002942204475403,0.021652896563876246,0.3974999984105428,0.04121488224187217,1.993830720583598,0.02164291436406058,0.3806666632493337,0.046060348570920395,-0.009111483891805014,0.0017062225745551204,-0.016833335161209106,0.005185453212840825
SSGD_lrl0.01_lrh0.5,400,1.1096595128377278,0.01461615062995701,1.9798810879389446,0.06287864499484368,1.9641106128692627,0.01899317285582603,0.3708333373069763,0.021448897560569818,1.9533929030100505,0.017962676868759728,0.350000003973643,0.022464777953066187,-0.01071770985921224,0.0013289965522706641,-0.020833333333333332,0.001840894085671109
SSGD_lrl0.01_lrh0.5,450,1.0963216225306194,0.02522441416050256,1.8837615648905437,0.050018126522947445,1.922992428143819,0.02055908902995652,0.329666664203008,0.01693286857768299,1.911218285560608,0.021019053983018583,0.3193333347638448,0.012229285341952957,-0.011774142583211264,0.0009209814862967264,-0.010333329439163208,0.004731690171848435
SSGD_lrl0.01_lrh0.5,500,1.0489200353622437,0.040621278600642845,1.8785226742426555,0.09658998091496614,1.8874437014261882,0.01650016315983837,0.29466667771339417,0.007597514682335296,1.875720222791036,0.016113185837464013,0.29099999864896137,0.00778887889241555,-0.011723478635152182,0.003633594066272655,-0.00366667906443278,0.00023569922582242304
SSGD_lrl0.01_lrh0.5,550,0.9678789774576823,0.05270231068991842,1.8194477955500286,0.17653080185951753,1.8483856916427612,0.018205686817414225,0.29983333746592206,0.007329542048785337,1.8360663255055745,0.017312237387835938,0.2939999997615814,0.004898989413632044,-0.012319366137186686,0.0009087110983870007,-0.005833337704340617,0.004870539442244787
SSGD_lrl0.01_lrh0.5,600,1.04336021343867,0.0644099709331956,1.8837600946426392,0.09104224102903158,1.8125875393549602,0.017822036339118958,0.2863333324591319,0.010648427383445585,1.7997259298960369,0.01650153949967571,0.2946666677792867,0.015965241262580615,-0.01286160945892334,0.0024612435352384444,0.008333335320154825,0.0076412559670034665
SSGD_lrl0.01_lrh0.5,650,1.0472067594528198,0.07132495458668234,1.7962582508722942,0.03435644964179524,1.779504617055257,0.019848580884633968,0.2893333335717519,0.019520650526920206,1.7672673463821411,0.02084321193730695,0.30233333508173627,0.031626291004915055,-0.012237270673116049,0.002057938040317096,0.013000001509984335,0.01250999137839589
SSGD_lrl0.01_lrh0.5,700,1.014780839284261,0.039753642542250646,1.707057237625122,0.08261963064286977,1.750826636950175,0.017832864094453782,0.2693333327770233,0.006612284906313352,1.7341439326604207,0.017713134585987896,0.2709999978542328,0.017378146401255824,-0.01668270428975423,0.002257981835981588,0.0016666650772094727,0.011227435732928072
SSGD_lrl0.01_lrh0.5,750,0.9461952050526937,0.06140390951792,1.6885167757670085,0.07915513497515614,1.7134083112080891,0.018012335975416686,0.27433332800865173,0.006182410933456794,1.69693922996521,0.01770437165141056,0.25966667135556537,0.01552060276688201,-0.01646908124287923,0.0021015126238785042,-0.014666656653086344,0.011115563489749888
SSGD_lrl0.01_lrh0.5,800,1.0107042988141377,0.12471359841234944,1.596704641977946,0.05889548950680341,1.6857661803563435,0.018158909454883645,0.26016666491826373,0.005328115073579569,1.6677674452463787,0.018080233209310622,0.25500000019868213,0.014696937824028635,-0.017998735109965008,0.002951951041530263,-0.005166664719581604,0.012425331010300706
SSGD_lrl0.01_lrh0.5,850,0.988194207350413,0.130275817952843,1.7377651532491047,0.07995676642393182,1.6508868137995403,0.014281192900759685,0.25683332482973736,0.0068839622977614305,1.6338163614273071,0.012523863427618,0.25433333218097687,0.010656241178587265,-0.017070452372233074,0.0023841304878602534,-0.0024999926487604776,0.0048131716660008705
SSGD_lrl0.01_lrh0.5,900,1.0969328880310059,0.07211771259519928,1.563414176305135,0.05729159009722117,1.6234525044759114,0.014559981814057342,0.25466667115688324,0.007261012564151419,1.6049105723698933,0.015279459026033568,0.24899999797344208,0.009933108745080113,-0.018541932106018066,0.0033791850599309775,-0.005666673183441162,0.0027182440938769647
SSGD_lrl0.01_lrh0.5,950,0.9890478650728861,0.11550479482755395,1.59620467821757,0.1636766495418244,1.599379579226176,0.01693921295854374,0.254000003139178,0.006745369933291209,1.575743595759074,0.016194442312807283,0.24166666467984518,0.013199329247435764,-0.02363598346710205,0.0009846026929165215,-0.012333338459332785,0.007003968794965183
SSGD_lrl0.01_lrh0.5,1000,0.8895318905512491,0.09716167405017326,1.412484089533488,0.11111668119913894,1.5698541800181072,0.01535040836603071,0.2415000001589457,0.005212167243034643,1.5501765807469685,0.01573761821470307,0.23699999849001566,0.010801237992281379,-0.019677599271138508,0.0014553430495361742,-0.004500001668930054,0.005671567493436449
SSGD_lrl0.01_lrh0.5,1050,0.9462102850278219,0.024214310726355572,1.5139525334040325,0.125009204274951,1.5438278118769329,0.013849488399543086,0.23483332991600037,0.006342098474193381,1.5229472716649373,0.015566251073465839,0.2336666683355967,0.010077479495750743,-0.02088054021199544,0.0025748646958426375,-0.0011666615804036458,0.0054365012833859205
SSGD_lrl0.01_lrh0.5,1100,1.0290048917134602,0.13404464520056422,1.648293177286784,0.1864882890265893,1.5239686171213787,0.015575330005156757,0.23516666889190674,0.0014337208963188977,1.502848784128825,0.01618084459763159,0.23533333341280618,0.00895668352741319,-0.02111983299255371,0.0024976335046488067,0.00016666452089945474,0.010118737826055088
SSGD_lrl0.01_lrh0.5,1150,1.152817169825236,0.15506823163385863,1.4896463950475056,0.11989203234620419,1.5047039190928142,0.02005913969057143,0.23283333082993826,0.0032998328136098847,1.4840278625488281,0.018234023002489323,0.2326666663090388,0.01562761724211319,-0.020676056543986004,0.0018727972639861932,-0.00016666452089945474,0.014636333873964485
SSGD_lrl0.01_lrh0.5,1200,1.0731374820073445,0.06460186752764911,1.481290300687154,0.17779349744428433,1.4817543824513753,0.011654315487747195,0.2206666668256124,0.008106924837150888,1.461819092432658,0.010924746822136275,0.22533332804838815,0.021638443164114344,-0.01993529001871745,0.0009053970384246292,0.004666661222775777,0.015515226526128056
SSGD_lrl0.01_lrh0.5,1250,0.9667188127835592,0.05484767271082139,1.4956929683685303,0.15604803453777785,1.4645318190256755,0.009612699605125338,0.22316666940848032,0.0026562318414817556,1.4404497146606445,0.010040431864508346,0.2163333296775818,0.000942803927764444,-0.024082104365030926,0.0009337102506020843,-0.0068333397308985395,0.002778889829776129
SSGD_lrl0.01_lrh0.5,1300,0.9435989459355673,0.008636896960188696,1.3724721272786458,0.13820447718649767,1.4461438258488972,0.015161802970443906,0.22233333190282187,0.002321400254350544,1.4220977624257405,0.013701156005737243,0.21466666956742605,0.00449690948430798,-0.02404606342315674,0.001470717012683705,-0.007666662335395813,0.006407461252429849
SSGD_lrl0.01_lrh0.5,1350,0.8887869715690613,0.265263119023539,1.3644838333129883,0.07174062779400514,1.4298514127731323,0.012828600223788941,0.22916666666666666,0.01140419087106113,1.4059088627497356,0.011630961443630584,0.22033333281675974,0.00880656018745391,-0.02394255002339681,0.0016740912330532834,-0.008833333849906921,0.0033249928098312686
SSGD_lrl0.01_lrh0.5,1400,1.04128102461497,0.058819518804059064,1.5110854705174763,0.07713482077638645,1.41045077641805,0.008794562219407843,0.21299999952316284,0.010024971307205562,1.3874654372533162,0.007200251803441036,0.20933333039283752,0.013816257231420779,-0.022985339164733887,0.001725221948039388,-0.0036666691303253174,0.0037932689411364234
SSGD_lrl0.01_lrh0.5,1450,0.7678587039311727,0.06880702497120121,1.1975068251291912,0.07293687155588842,1.3979808489481609,0.007687325040497196,0.20799999932448068,0.004966557872891612,1.3735208908716838,0.006393004459959079,0.20566666622956595,0.0038586085352547983,-0.02445995807647705,0.0013119096107717327,-0.0023333330949147544,0.008219216794810285
SSGD_lrl0.01_lrh0.5,1500,0.9481165210405985,0.11767592220816285,1.3160003821055095,0.03427566459424215,1.3861209948857625,0.008282459476512941,0.20833333333333334,0.004784236138907983,1.3602358102798462,0.007657946759809312,0.21133333444595337,0.0016996697968488972,-0.02588518460591634,0.002119874546583377,0.0030000011126200357,0.0063770410598839155
SSGD_lrl0.01_lrh0.5,1550,0.8903500040372213,0.06332736503162703,1.322675347328186,0.16423934919599828,1.3660096724828084,0.008114135298508645,0.21000000337759653,0.0035355375586596086,1.3408279021581013,0.008022265460729622,0.2063333342472712,0.0012472216564864537,-0.02518177032470703,0.001557609972025147,-0.0036666691303253174,0.003519789187284219
SSGD_lrl0.01_lrh0.5,1600,0.7630406022071838,0.05816010131030898,1.5405244827270508,0.122757010488822,1.3538617690404255,0.0023947661247889084,0.2121666669845581,0.006944222462815433,1.3295752207438152,0.004341518681012734,0.21066666642824808,0.007760295196197995,-0.024286548296610515,0.00199552225656816,-0.0015000005563100178,0.00489898333025972
SSGD_lrl0.01_lrh0.5,1650,1.0604236523310344,0.09711641234841174,1.2683907747268677,0.019276136874267203,1.3434621095657349,0.005001359325381329,0.20983332892258963,0.005390318873216815,1.3192012707392375,0.004239557127022529,0.20566666622956595,0.0016996766156837256,-0.024260838826497395,0.0032330062420819683,-0.004166662693023682,0.006536225064233963
SSGD_lrl0.01_lrh0.5,1700,0.8539485534032186,0.09151092328219457,1.4279157718022664,0.09710602593113823,1.3391311168670654,0.009582336136558069,0.20349999765555063,0.008436031489265259,1.3150240580240886,0.009923086737108034,0.20400000115235647,0.014719600903968498,-0.024107058842976887,0.0014568153968131392,0.0005000034968058268,0.008727352253449127
SSGD_lrl0.01_lrh0.5,1750,0.8549581368764242,0.17374800413986144,1.257299780845642,0.04271432139345173,1.329317291577657,0.010523842075564805,0.19349999725818634,0.0017795110658066534,1.3031888405481975,0.007438442665900716,0.19566666583220163,0.010077479495750743,-0.026128451029459637,0.0031345199373664415,0.0021666685740152993,0.008330003592926705
SSGD_lrl0.01_lrh0.5,1800,0.8480837543805441,0.0932916524843845,1.3015753825505574,0.19451152190781573,1.3167224327723186,0.006848914793447014,0.19816666344801584,0.007408700055764722,1.2902644475301106,0.0067524827456608896,0.19833333293596903,0.011585430934170549,-0.026457985242207844,0.004247849444715785,0.00016666948795318604,0.008013875532848595
SSGD_lrl0.01_lrh0.5,1850,0.9046284556388855,0.0924834904305266,1.2465041478474934,0.10829693793940207,1.3047597805658977,0.005079314254532111,0.20199999709924063,0.0017795152526727757,1.2795106967290242,0.004788365968846348,0.1959999998410543,0.004546064315488403,-0.02524908383687337,0.004570144051245502,-0.00599999725818634,0.006177922948184728
SSGD_lrl0.01_lrh0.5,1900,0.9604511459668478,0.14423923027233668,1.18691885471344,0.0935813798411898,1.2981693744659424,0.005853471940309026,0.20199999709924063,0.005887839011809074,1.2729204495747883,0.005596784483549826,0.202333336075147,0.014290632563622604,-0.025248924891153973,0.002407818465568394,0.00033333897590637207,0.008653835636261247
SSGD_lrl0.01_lrh0.5,1950,0.7735641598701477,0.06774997065800582,1.4109570185343425,0.08480322982240286,1.290932337443034,0.0074832712193599145,0.19350000222524008,0.003741659659458392,1.2665390570958455,0.003986923955797733,0.18666666746139526,0.004496914638863239,-0.024393280347188313,0.003736125917148855,-0.006833334763844808,0.006128264975597215
SSGD_lrl0.01_lrh0.5,2000,0.9791186054547628,0.14380378124519444,1.36672838528951,0.18299964179674655,1.285047968228658,0.006095026888510964,0.1875,0.0020412395056397686,1.259114384651184,0.006785679042485361,0.19099999964237213,0.004082479011279537,-0.025933583577473957,0.0009900119431730508,0.0034999996423721313,0.0035355305341848568
SSGD_lrl0.01_lrh0.5,2050,0.8778381745020548,0.07151440880847035,1.3554668823877971,0.1612529429144932,1.278517444928487,0.0071435658631418255,0.19083333015441895,0.0013123360435619922,1.2531102101008098,0.00738076432773002,0.19266666968663534,0.006128259031810028,-0.02540723482767741,0.003112237802799317,0.00183333953221639,0.005137013216205601
SSGD_lrl0.01_lrh0.5,2100,0.7918806870778402,0.16102761999178747,1.2698802550633748,0.13339978639786115,1.272947072982788,0.004034827134091495,0.19233333071072897,0.008508167978299895,1.246294339497884,0.0029945981761054685,0.1906666656335195,0.006944224847078307,-0.026652733484903973,0.0029233790826204637,-0.0016666650772094727,0.004249178875657364
SSGD_lrl0.01_lrh0.5,2150,0.9844499826431274,0.25358357215540195,1.5086251099904378,0.1565700735829473,1.2679368257522583,0.005786108896846587,0.19500000278155008,0.006013872649362585,1.240409294764201,0.004386481463130575,0.18633333345254263,0.001247215018983829,-0.027527530988057453,0.0040013798800194265,-0.008666669329007467,0.007027720160140886
SSGD_lrl0.01_lrh0.5,2200,1.1574101050694783,0.08273063183256778,1.3280632495880127,0.213318718638045,1.261791706085205,0.011914790006101905,0.19083333015441895,0.002248457871706188,1.2357909679412842,0.009631282854237403,0.18499999741713205,0.0029439211931321816,-0.0260007381439209,0.0030165737068750787,-0.005833332737286885,0.002013836033087235
SSGD_lrl0.01_lrh0.5,2250,0.7732521692911783,0.11467947324121615,1.2098820606867473,0.06475441317712877,1.2480814059575398,0.005024993521831957,0.18649999797344208,0.00147196144018781,1.2259573141733806,0.004198244097714186,0.18099999924500784,0.0032659868590496676,-0.022124091784159344,0.0008904220897067571,-0.005499998728434245,0.0044158860077529866
SSGD_lrl0.01_lrh0.5,2300,0.900187611579895,0.18923648677121768,1.255526105562846,0.14843947217287687,1.2442939281463623,0.006015325417035242,0.18516666690508524,0.00449691537522936,1.2211209535598755,0.006349578791472737,0.18333333233992258,0.003399341541936556,-0.023172974586486816,0.0019445459676405686,-0.0018333345651626587,0.003299827294388305
SSGD_lrl0.01_lrh0.5,2350,0.9199150403340658,0.14967338511601241,1.164954940478007,0.06446567948036125,1.2386345465977986,0.01023528809256621,0.18933333456516266,0.0031180448487094924,1.2166593074798584,0.010069218394911275,0.18199999630451202,0.0008164982356053407,-0.021975239117940266,0.0036883191045531684,-0.007333338260650635,0.0023213934786894853
SSGD_lrl0.01_lrh0.5,2400,0.8674762845039368,0.16970082055777067,1.2327749331792195,0.10902827494247357,1.2324753999710083,0.011595825636926592,0.18466666837533316,0.00492160554985985,1.2079083522160847,0.011651833511315043,0.1843333343664805,0.005249337866068867,-0.024567047754923504,0.0005771948625880875,-0.0003333340088526408,0.0023570273805979896
SSGD_lrl0.01_lrh0.5,2450,0.6912624835968018,0.09824299252264426,1.262575666109721,0.17646798654876045,1.2285337448120117,0.008905588332480898,0.18266666432221731,0.0034721124235391537,1.2035655975341797,0.008468727813864095,0.1843333343664805,0.0012472216564864537,-0.02496814727783203,0.0024088474627342003,0.0016666700442632039,0.002248455294429192
SSGD_lrl0.01_lrh0.5,2500,1.1551116307576497,0.019210463337294478,1.1221072872479756,0.18543963921225798,1.2256429195404053,0.004248150459332202,0.1845000038544337,0.0032403677188060425,1.2010247310002644,0.0009264102560394609,0.18366666634877524,0.0070395729650416594,-0.02461818854014079,0.0035239363650421364,-0.0008333375056584676,0.007813804330240497
SSGD_lrl0.01_lrh0.5,2550,0.9745325446128845,0.15058432203916408,1.285944660504659,0.07783375266871514,1.218766490618388,0.004384383389531571,0.18350000182787576,0.001224747353413047,1.1962356567382812,0.0022893745335218147,0.18299999833106995,0.006480742335510036,-0.02253083388010661,0.005588213858415091,-0.0005000034968058268,0.007449834309090612
SSGD_lrl0.01_lrh0.5,2600,0.9487470587094625,0.2118133552075076,1.3090264797210693,0.15031129535227605,1.2094087600708008,0.0019580499617899987,0.1821666657924652,0.003566827101831545,1.1855919361114502,0.003283416011098634,0.18233333031336466,0.0054365012833859205,-0.023816823959350586,0.0018660568691999779,0.00016666452089945474,0.002718251707627772
SSGD_lrl0.01_lrh0.5,2650,1.0104856491088867,0.1048920446289214,1.1642247239748638,0.1336653751368652,1.2108445167541504,0.004094672620758853,0.1831666628519694,0.004027683165232143,1.1874799331029255,0.009912606004932356,0.18266666432221731,0.0016996766156837254,-0.023364583651224773,0.006529404909429237,-0.0004999985297520956,0.0032659868590496684
SSGD_lrl0.01_lrh0.5,2700,0.9056158463160197,0.10211734154145818,1.0833364725112915,0.23527420459426826,1.2133235534032185,0.003966358891201431,0.18516666690508524,0.0010274011928693893,1.1879069407780964,0.002131592881865962,0.1816666622956594,0.006342100301630976,-0.02541661262512207,0.0018880597170888836,-0.0035000046094258628,0.00657013604482641
SSGD_lrl0.01_lrh0.5,2750,0.8650766809781393,0.2845901577968043,1.2214816610018413,0.2176195085431285,1.2040600776672363,0.0038240483937856387,0.18133333822091421,0.004169997986400334,1.1807283957799275,0.004042858488109543,0.17833333214124045,0.006182417896401906,-0.023331681887308758,0.0010116817392783947,-0.003000006079673767,0.004301167885629824
SSGD_lrl0.01_lrh0.5,2800,0.858100950717926,0.10352093707592265,1.1834616263707478,0.27316484918676504,1.1972295045852661,0.008779135089314142,0.1848333328962326,0.008498369440747966,1.1751422484715779,0.008503159590356909,0.1853333314259847,0.00837987360691978,-0.022087256113688152,0.0002830081816627589,0.0004999985297520956,0.00804156142908912
SSGD_lrl0.01_lrh0.5,2850,1.011255939801534,0.12867598413073963,1.1318383415540059,0.12031172486499475,1.1948870420455933,0.011753606131102481,0.1845000038544337,0.003894439446207775,1.1676100492477417,0.009063322138994809,0.18633333345254263,0.004784236138907983,-0.027276992797851562,0.0033169205238855657,0.0018333295981089275,0.003965123765201417
SSGD_lrl0.01_lrh0.5,2900,0.9506634871164957,0.2505369428599812,1.1574196815490723,0.0719173490433093,1.1935166517893474,0.0020585985287863233,0.18516667187213898,0.0023570203561232377,1.16913898785909,0.0011715967630227483,0.18499999741713205,0.004966550872188517,-0.02437766393025716,0.0030232921370066525,-0.00016667445500691733,0.004109605577236518
SSGD_lrl0.01_lrh0.5,2950,0.8430343071619669,0.09732153817461818,1.2261733611424763,0.1522793538223269,1.1866543690363567,0.006746862289066898,0.17666666209697723,0.0006236081732455681,1.1634047826131184,0.004356907165737952,0.17733333508173624,0.007586541374103053,-0.023249586423238117,0.002430359960393641,0.0006666729847590128,0.0073295466795665395
SSGD_lrl0.01_lrh0.5,2999,0.9290507435798645,0.15552503070968646,1.2015973329544067,0.2647639291249435,1.1920382976531982,0.0045783877387899075,0.17999999721844992,0.0021602443794378912,1.1695518493652344,0.004257548255896813,0.18133333325386047,0.004109611217574834,-0.022486448287963867,0.002250961980591109,0.0013333360354105632,0.0020548088318370038
SSGD_lrl0.01_lrh5.0,0,1.147125283877055,0.009038788111213936,2.31072735786438,0.023259245768512883,2.3032724857330322,0.015035031490184881,0.8884999950726827,0.004949753987018402,2.3076656659444175,0.014590007006597489,0.8956666787465414,0.004496910588858384,0.004393180211385091,0.0013353143358242271,0.007166683673858643,0.007961720822510265
SSGD_lrl0.01_lrh5.0,50,1.1460357507069905,0.01189970090823787,2.246653397878011,0.05019357973194474,2.258989095687866,0.013264965011253373,0.8068333268165588,0.04552351519427077,2.2612670262654624,0.012816023187316351,0.827999989191691,0.04336664896668336,0.002277930577596029,0.0011335491152826543,0.021166662375132244,0.006835361842590604
SSGD_lrl0.01_lrh5.0,100,1.1379956007003784,0.021494954583832517,2.236443042755127,0.03356467406378426,2.2096574306488037,0.0144358329414898,0.6714999874432882,0.03804165520029282,2.2096429665883384,0.013853944922885896,0.6766666769981384,0.014974042391787555,-1.4464060465494791e-05,0.0006281960635579632,0.005166689554850261,0.023474598698342466
SSGD_lrl0.01_lrh5.0,150,1.121856689453125,0.017082787292957303,2.2025578022003174,0.0434439332487297,2.170487562815348,0.01620481144826283,0.6193333466847738,0.0362338213921971,2.165131409962972,0.01802762371063064,0.6003333330154419,0.019067136768295,-0.005356152852376302,0.0023425727138327037,-0.019000013669331867,0.01728198262708977
SSGD_lrl0.01_lrh5.0,200,1.0998623371124268,0.007607843689645394,2.110602299372355,0.024714646377988803,2.125094254811605,0.017478152576044355,0.49950000643730164,0.011518112962857919,2.118393659591675,0.017799716610447536,0.48900000254313153,0.01275409613989885,-0.006700595219930013,0.001990439706217055,-0.010500003894170126,0.007071075117319217
SSGD_lrl0.01_lrh5.0,250,1.1149343649546306,0.008978270086638316,2.0994138717651367,0.008427634572741647,2.082674821217855,0.015993555277028206,0.4091666638851166,0.014789266549185533,2.0748058954874673,0.01588128281928372,0.39233332872390747,0.006944218171144459,-0.00786892573038737,0.00137639586500488,-0.016833335161209106,0.01227690505265877
SSGD_lrl0.01_lrh5.0,300,1.1197474002838135,0.02550466302421362,2.0491231282552085,0.03428497148572965,2.044953982035319,0.020589793054469115,0.41983333230018616,0.02678411929590235,2.0347808996836343,0.021382924557433132,0.40266666809717816,0.027620450973916705,-0.01017308235168457,0.001040032909660588,-0.017166664203008015,0.0030641461314895144
SSGD_lrl0.01_lrh5.0,350,1.1437093019485474,0.011233842340200261,1.9995050430297852,0.02766811603041753,2.0028857390085855,0.0216511492222387,0.396833340326945,0.04124789336152324,1.9937810897827148,0.02164113911357964,0.3806666632493337,0.046060348570920395,-0.009104649225870768,0.001707114415755301,-0.016166677077611286,0.005071712909837222
SSGD_lrl0.01_lrh5.0,400,1.1100130875905354,0.014600149775465237,1.9797483682632446,0.06291133446992633,1.9640291134516399,0.018978855340596273,0.3708333373069763,0.021040962454213948,1.953318198521932,0.01795129088226553,0.34966666499773663,0.022484553680643393,-0.010710914929707846,0.0013274757618795341,-0.021166672309239704,0.002460807821122125
SSGD_lrl0.01_lrh5.0,450,1.0965418418248494,0.025354345891050983,1.8837027549743652,0.04998341279558326,1.922886331876119,0.02055284657801465,0.3294999996821086,0.01710749550632615,1.9111194213231404,0.02101384674799723,0.3193333347638448,0.012229285341952957,-0.011766910552978516,0.0009203623023263513,-0.010166664918263754,0.00492160554985985
SSGD_lrl0.01_lrh5.0,500,1.0499193867047627,0.04065713012243578,1.878482739130656,0.09655567284672344,1.8873043457667034,0.016501134992488536,0.2941666642824809,0.007771025923730633,1.8755935430526733,0.016111869509799762,0.2913333276907603,0.007408706536635858,-0.011710802714029947,0.0036327090586200966,-0.002833336591720581,0.0006236121558119972
SSGD_lrl0.01_lrh5.0,550,0.9683823585510254,0.05267405586766511,1.819241960843404,0.17667293610831575,1.8482017914454143,0.018200658951447412,0.3000000019868215,0.0075608587769816936,1.835903247197469,0.01730646110844287,0.29333333174387616,0.00492160554985985,-0.01229854424794515,0.0009086163555736711,-0.0066666702429453535,0.005482288479323538
SSGD_lrl0.01_lrh5.0,600,1.0433791478474934,0.06386966947189832,1.8835599422454834,0.0911638749186622,1.8123546441396077,0.01781833320076381,0.2861666679382324,0.010569879791635733,1.7995145320892334,0.01649389701522525,0.2946666677792867,0.015965241262580615,-0.01284011205037435,0.0024623196331659443,0.008499999841054281,0.007494438021661286
SSGD_lrl0.01_lrh5.0,650,1.0474725564320881,0.0710940599354426,1.7959853013356526,0.034455393602762244,1.7792284488677979,0.019853814224730315,0.289000004529953,0.019369227663143026,1.767011284828186,0.02084638333047109,0.30233333508173627,0.031626291004915055,-0.012217164039611816,0.0020594655262105507,0.013333330551783243,0.012598494980761921
SSGD_lrl0.01_lrh5.0,700,1.015420933564504,0.03969509310022598,1.7067217826843262,0.08260381124344213,1.750536839167277,0.017839121103873708,0.2694999972979228,0.006745373983299726,1.7338676850001018,0.017719408819287887,0.2709999978542328,0.017378146401255824,-0.016669154167175293,0.0022537403794187665,0.0015000005563100178,0.01102269576380642
SSGD_lrl0.01_lrh5.0,750,0.9466153383255005,0.06103929140807526,1.6880497535069783,0.07924487325616167,1.7130625645319622,0.018016930164200706,0.27399999896685284,0.006096446778969494,1.696616490681966,0.017709664274732185,0.26000000536441803,0.015121734634467228,-0.01644607384999593,0.002095556191732852,-0.013999993602434794,0.010885775478358804
SSGD_lrl0.01_lrh5.0,800,1.0104721983273823,0.12451238887551863,1.5961971680323284,0.05905623171086507,1.6853581666946411,0.0181607415223325,0.25983333587646484,0.005312451839858827,1.6673806111017864,0.018085703255857056,0.25500000019868213,0.014696937824028635,-0.017977555592854817,0.002944704394763615,-0.004833335677782695,0.01265788713393034
SSGD_lrl0.01_lrh5.0,850,0.989159107208252,0.1302555130490886,1.7373780012130737,0.07999223081382932,1.6504213412602742,0.014285558682560776,0.25683332482973736,0.00721495273895502,1.6333827177683513,0.012535819571033118,0.25466667115688324,0.011115558723284272,-0.017038623491923015,0.002365882411786386,-0.0021666536728541055,0.0047667895758105455
SSGD_lrl0.01_lrh5.0,900,1.0969228347142537,0.07197172053793827,1.5628597736358643,0.057546625890293426,1.6229494015375774,0.014552471142084855,0.25450000663598377,0.0071180596150578574,1.604427655537923,0.015270805534263592,0.24866666893164316,0.00974109435166632,-0.018521745999654133,0.003368107800492622,-0.005833337704340617,0.0026246632556890703
SSGD_lrl0.01_lrh5.0,950,0.9888945817947388,0.11618057504270576,1.595617135365804,0.16362929393646752,1.598818302154541,0.016930043893948553,0.254000003139178,0.006745369933291209,1.5752098957697551,0.016183144624911168,0.24166665971279144,0.01400793203470857,-0.02360840638478597,0.0009785631353954947,-0.012333343426386515,0.007813803164832255
SSGD_lrl0.01_lrh5.0,1000,0.8892684976259867,0.09665759438268567,1.411972999572754,0.1112211834391612,1.5692644913991292,0.015365226105640747,0.24183333416779837,0.005661765577163505,1.5496177275975545,0.0157570327158771,0.23699999849001566,0.010801237992281379,-0.019646763801574707,0.0014635706058773877,-0.004833335677782695,0.0052014955483663606
SSGD_lrl0.01_lrh5.0,1050,0.9463252623875936,0.024778019992104935,1.5134148995081584,0.125242128280749,1.5431822935740154,0.013853880616670911,0.23450000087420145,0.0062849026366648625,1.5223324696222942,0.01557022805980317,0.23400000234444937,0.010198041185834257,-0.02084982395172119,0.0025706088277522624,-0.0004999985297520956,0.0056124881616824
SSGD_lrl0.01_lrh5.0,1100,1.0284143288930256,0.13338043644948938,1.6478538115819295,0.18678942910429,1.5232817729314168,0.015585069043136657,0.23433333138624826,0.0016499131454404629,1.5021955172220867,0.01618583810978254,0.23533333341280618,0.00895668352741319,-0.021086255709330242,0.0024843502987490565,0.0010000020265579224,0.01035212874489582
SSGD_lrl0.01_lrh5.0,1150,1.1525022983551025,0.1547539454788432,1.4887781540552776,0.12005001940239432,1.5039483308792114,0.020041419169133715,0.2324999968210856,0.0032659868590496676,1.4833160241444905,0.018215928063441005,0.23300000031789145,0.01529706421404963,-0.020632306734720867,0.0018685107377745455,0.0005000034968058268,0.01485485532037278
SSGD_lrl0.01_lrh5.0,1200,1.0731298128763835,0.06321617482442152,1.480517824490865,0.17796106075045667,1.4809550444285076,0.011624692403103367,0.22083333134651184,0.008065703474357224,1.4610582987467449,0.010895165041862727,0.2253333330154419,0.02085399502363875,-0.019896745681762695,0.000922760484521351,0.004500001668930054,0.014905259057462454
SSGD_lrl0.01_lrh5.0,1250,0.9660006165504456,0.0550070281936661,1.4948573112487793,0.15606991952874258,1.4637030760447185,0.009607453351752377,0.22316666940848032,0.0030641264089261095,1.4396551450093586,0.010042319050140898,0.21600000063578287,0.0008164921522393115,-0.0240479310353597,0.0009545903392828208,-0.007166668772697449,0.003519777192246747
SSGD_lrl0.01_lrh5.0,1300,0.9441368182500204,0.009594482580379371,1.371832291285197,0.13827582594896037,1.4452346563339233,0.015157128538343929,0.22233333686987558,0.002460802774929925,1.4212313493092854,0.013704338401610313,0.21499999860922495,0.004082485094654631,-0.02400330702463786,0.0014664837328781774,-0.007333338260650635,0.005864206736767668
SSGD_lrl0.01_lrh5.0,1350,0.8885256250699362,0.2640253451619909,1.363404671351115,0.07175154244673325,1.4289020697275798,0.01281010839776487,0.22866666813691458,0.011806309214764013,1.4050006469090779,0.011620563643746926,0.21966666479905447,0.00899382228225874,-0.02390142281850179,0.0016894943065161306,-0.009000003337860107,0.003894443272473302
SSGD_lrl0.01_lrh5.0,1400,1.0412078301111858,0.058436431032174115,1.510082443555196,0.07681236632122818,1.409471035003662,0.008778802995409278,0.2128333350022634,0.010200762638970353,1.3865173657735188,0.007192348545219151,0.20933333039283752,0.013816257231420779,-0.02295366923014323,0.0017303911969179272,-0.0035000046094258628,0.003628592054271464
SSGD_lrl0.01_lrh5.0,1450,0.7683744033177694,0.06861041617364468,1.1961897611618042,0.07291416590198918,1.39696470896403,0.007708068975292108,0.20799999932448068,0.004600721488570969,1.3725338379542034,0.00642479153399952,0.20566666622956595,0.0038586085352547983,-0.02443087100982666,0.00129740687880845,-0.0023333330949147544,0.007813796702119276
SSGD_lrl0.01_lrh5.0,1500,0.9473386208216349,0.11676915100549604,1.3148625294367473,0.03471668284760051,1.3850147326787312,0.008270701199961974,0.20816666881243387,0.004870547940695386,1.3591663837432861,0.007638145559585283,0.21133333444595337,0.002054803191503663,-0.02584834893544515,0.002092589402301495,0.0031666656335194907,0.006510672168042232
SSGD_lrl0.01_lrh5.0,1550,0.8899783889452616,0.06348157310381147,1.3214998245239258,0.16476855119046394,1.3648617664972942,0.008073895059327313,0.20949999491373697,0.004020778243852212,1.3397304614384968,0.007952348007132883,0.2063333342472712,0.0012472216564864537,-0.0251313050587972,0.0015405289214496481,-0.0031666606664657593,0.004288226393745421
SSGD_lrl0.01_lrh5.0,1600,0.761993944644928,0.058545103437836865,1.5395218928654988,0.12272112105795138,1.3526302178700764,0.0023644222348554365,0.21200000246365866,0.006867800520672674,1.3283800681432087,0.004279127359377205,0.21100000043710074,0.007348465870328155,-0.024250149726867676,0.001963001257054037,-0.0010000020265579224,0.005115338045160659
SSGD_lrl0.01_lrh5.0,1650,1.0594221750895183,0.09701455614689514,1.2667661507924397,0.01957310188677146,1.342204252878825,0.004984824745541967,0.20999999841054282,0.005212160572221295,1.3179841836293538,0.004185976965241622,0.2063333292802175,0.0026246676714008423,-0.024220069249471027,0.0032166827423958477,-0.0036666691303253174,0.007168597552688298
SSGD_lrl0.01_lrh5.0,1700,0.8542460997899374,0.09249079593673785,1.4266720215479534,0.09735253250178037,1.3377894163131714,0.009544268667295262,0.20333333313465118,0.008379868469870292,1.3137346108754475,0.009865824991240122,0.20400000115235647,0.014719600903968498,-0.024054805437723797,0.0014289861246734761,0.0006666680177052816,0.00895668352741319
SSGD_lrl0.01_lrh5.0,1750,0.8547377387682596,0.17202189316650995,1.255989909172058,0.042736109000066407,1.3279486894607544,0.010484023438977036,0.19366666177908579,0.001545604072394581,1.3018724918365479,0.007389329909642847,0.195333331823349,0.010530382119982647,-0.026076197624206543,0.0031369439754077868,0.0016666700442632039,0.009003088136523145
SSGD_lrl0.01_lrh5.0,1800,0.8479912877082825,0.09341931993152898,1.300100843111674,0.19486882690960053,1.3152707815170288,0.006810218044242375,0.19766666988531748,0.0071686039041798716,1.2888634204864502,0.00668502716653241,0.19866666694482168,0.011145500853146598,-0.026407361030578613,0.0042362494730664715,0.0009999970595041912,0.008134283147201672
SSGD_lrl0.01_lrh5.0,1850,0.9047084053357443,0.09211889612672745,1.244774063428243,0.10818269377109452,1.3033170700073242,0.005074294666834392,0.20183333257834116,0.0016996766156837254,1.2781165440877278,0.004763231918242603,0.19633333384990692,0.0041899383840924365,-0.025200525919596355,0.004553751397438632,-0.005499998728434245,0.0057154833039732055
SSGD_lrl0.01_lrh5.0,1900,0.9604497750600179,0.1443418520601502,1.1848944822947185,0.09331714014065567,1.2966681321461995,0.005835230068720556,0.20149999856948853,0.005887840699032769,1.2714672883351643,0.005553979159866555,0.202333336075147,0.013912422112514406,-0.025200843811035156,0.0023840245569864862,0.0008333375056584676,0.008178561321251582
SSGD_lrl0.01_lrh5.0,1950,0.7736819585164388,0.06803237112133408,1.409602403640747,0.08475115632307882,1.2893953720728557,0.007446772206247884,0.19399999578793845,0.0028577403484052605,1.2650556166966755,0.0039396601038442815,0.1870000014702479,0.004320495656772443,-0.024339755376180012,0.0037648857538206382,-0.006999994317690532,0.0056124881616824
SSGD_lrl0.01_lrh5.0,2000,0.9779099225997925,0.1429422191130002,1.3651647567749023,0.1831094155277641,1.2834234237670898,0.006047492044043282,0.18766666452089945,0.0020548023857387787,1.2575565179189045,0.006738100130192194,0.1906666656335195,0.004109605577236518,-0.025866905848185223,0.0009709192910871057,0.0030000011126200357,0.003559019340367158
SSGD_lrl0.01_lrh5.0,2050,0.8784703016281128,0.07203357217251799,1.354006012280782,0.1618458417996818,1.276828646659851,0.007076273246026361,0.1904999961455663,0.001414209403884042,1.2514903545379639,0.00731356500925415,0.19233333567778269,0.006128259031810028,-0.025338292121887207,0.003093677949673157,0.00183333953221639,0.0049888799884416
SSGD_lrl0.01_lrh5.0,2100,0.7901684045791626,0.15950815962262063,1.268515984217326,0.1335830334201363,1.2711824973424275,0.004005492970516057,0.19233333071072897,0.00877812784455327,1.2445900837580364,0.002960421851252596,0.1909999946753184,0.007118052636949919,-0.026592413584391277,0.0029007347527203273,-0.0013333360354105632,0.003704354609189747
SSGD_lrl0.01_lrh5.0,2150,0.9833819468816122,0.2521236395798512,1.5072016716003418,0.15722468673106021,1.2661065260569255,0.005736826721872437,0.194500004251798,0.005307229640350934,1.2386573950449626,0.004329066454902631,0.18633333345254263,0.001247215018983829,-0.02744913101196289,0.003981841535311301,-0.008166670799255371,0.006328945071196017
SSGD_lrl0.01_lrh5.0,2200,1.1553601423899333,0.08179370421532978,1.3260077635447185,0.21399692869352788,1.2599077224731445,0.011865787738591798,0.19050000111262003,0.002449488623444957,1.2339939673741658,0.009572103038967395,0.1843333343664805,0.0032998262908809257,-0.02591375509897868,0.0030106269239913623,-0.006166666746139526,0.0026246607324205227
SSGD_lrl0.01_lrh5.0,2250,0.7724594076474508,0.11467412987919798,1.2079662481943767,0.0647515953402258,1.2462371985117595,0.005005266397012682,0.18633333345254263,0.0016499186646740582,1.2241830825805664,0.004169748392752077,0.18099999924500784,0.0032659868590496676,-0.022054115931193035,0.0009106642308758285,-0.00533333420753479,0.004170004934719677
SSGD_lrl0.01_lrh5.0,2300,0.9021827181180319,0.19174803650302358,1.253539005915324,0.14891728355239636,1.2423722346623738,0.006000516873686626,0.1853333314259847,0.005104459376605554,1.2192848523457844,0.006324849111796833,0.18333333233992258,0.003399341541936556,-0.023087382316589355,0.0019270304355393927,-0.0019999990860621133,0.0036285824722027287
SSGD_lrl0.01_lrh5.0,2350,0.9184361696243286,0.147541527611749,1.1630868911743164,0.06458002943213716,1.2366596857706706,0.010203668275614836,0.1889999955892563,0.003341657102401854,1.2147730191548665,0.01005033645491314,0.1816666622956594,0.00047140547611959795,-0.021886666615804035,0.0036747615443775165,-0.007333333293596904,0.0030092453355283076
SSGD_lrl0.01_lrh5.0,2400,0.867671807607015,0.1682308974422619,1.2313157320022583,0.10916149149953623,1.2304326295852661,0.011552457722691327,0.1845000038544337,0.004949744955551169,1.2059478759765625,0.011605022604223303,0.18400000035762787,0.005099018157619723,-0.024484753608703613,0.0005520072449236582,-0.0005000034968058268,0.0021213211303008146
SSGD_lrl0.01_lrh5.0,2450,0.691658635934194,0.09884738212415814,1.260521372159322,0.1767800922080767,1.2264229853947957,0.00884804378973999,0.18249999980131784,0.0032403746167041295,1.2015268007914226,0.008409647936715293,0.18400000035762787,0.0014142164283587938,-0.02489618460337321,0.0024413123094357337,0.0015000005563100178,0.001870829829729196
SSGD_lrl0.01_lrh5.0,2500,1.1537941694259644,0.01936898978228887,1.1200166543324788,0.18644373735322367,1.2234925429026287,0.004208730807844573,0.1848333328962326,0.003171047670723497,1.1989562114079793,0.0008819509100388923,0.18333333233992258,0.007133647472901832,-0.02453633149464925,0.0035246035264693523,-0.0015000005563100178,0.00788458087948335
SSGD_lrl0.01_lrh5.0,2550,0.9734858870506287,0.15061053458451937,1.2841463088989258,0.07792585717031485,1.216533621152242,0.0043127626568092966,0.18366666634877524,0.001433720318917955,1.1940830945968628,0.002317019747928787,0.18266666432221731,0.006342100301630976,-0.02245052655537923,0.005590029038476824,-0.0010000020265579224,0.00749444067272424
SSGD_lrl0.01_lrh5.0,2600,0.9484996795654297,0.2113468036867668,1.3076253334681194,0.15044295636986335,1.2071006298065186,0.001990994150337268,0.18199999630451202,0.003341657102401854,1.1833820740381877,0.0033058964200092583,0.1816666672627131,0.004988879988441601,-0.02371855576833089,0.0018492949404517343,-0.0003333290417989095,0.002321400254350544
SSGD_lrl0.01_lrh5.0,2650,1.009757936000824,0.1050175401316919,1.161979079246521,0.1341311974798869,1.2084993918736775,0.004135873437085933,0.18383333086967468,0.003091205466728397,1.1852248509724934,0.009944369108253486,0.1823333352804184,0.002054803191503663,-0.023274540901184082,0.006514678081918078,-0.0014999955892562866,0.002160251277334755
SSGD_lrl0.01_lrh5.0,2700,0.9063257972399393,0.10284049666677705,1.081013282140096,0.23610522542349985,1.2109145720799763,0.0038898846208551916,0.1843333343664805,0.0015456013943406371,1.185594876607259,0.0020507493394188864,0.18133333325386047,0.005906686678112633,-0.025319695472717285,0.001887716302855416,-0.0030000011126200357,0.005212167243034643
SSGD_lrl0.01_lrh5.0,2750,0.8634577989578247,0.2846822226500149,1.2196740905443828,0.218619024927699,1.2016385396321614,0.0038511105140711893,0.18100000421206155,0.004636809539120704,1.1784173250198364,0.004028022748650841,0.1776666690905889,0.0066499813870737655,-0.02322121461232503,0.0009819152958070343,-0.0033333351214726767,0.004731696645258079
SSGD_lrl0.01_lrh5.0,2800,0.8587135871251425,0.10256991083799019,1.1808912952740986,0.27354591349828333,1.1947766542434692,0.008775395565020253,0.1848333328962326,0.00860555600255709,1.1727962096532185,0.008464638162859368,0.18466666340827942,0.0077172265104445414,-0.021980444590250652,0.00031567175597933144,-0.00016666948795318604,0.00872098175359366
SSGD_lrl0.01_lrh5.0,2850,1.0091218550999959,0.12934273483624859,1.128246823946635,0.12099195012255264,1.1923151810963948,0.011764922265766023,0.18466667334238687,0.0032998313083624337,1.1651623646418254,0.009041701423657282,0.18766666948795319,0.0037712367844820317,-0.0271528164545695,0.0033325912925964087,0.0029999961455663047,0.00355902631847496
SSGD_lrl0.01_lrh5.0,2900,0.9467436671257019,0.24737612436775228,1.154909332593282,0.07190250731170703,1.1908506552378337,0.0020445299900782796,0.18566666543483734,0.0023921135705353086,1.1665923595428467,0.0011275765206576424,0.1843333343664805,0.004496910588858385,-0.02425829569498698,0.0030160657687386405,-0.0013333310683568318,0.00408927732033317
SSGD_lrl0.01_lrh5.0,2950,0.8440372546513876,0.09991942945548493,1.2235317627588909,0.15311051438624756,1.1840178569157918,0.006779511416528269,0.1764999975760778,0.00040824911781777855,1.160885254542033,0.004391705831495444,0.17733333011468252,0.00740870474880956,-0.023132602373758953,0.0024356599353010065,0.0008333325386047363,0.007728019290739411
SSGD_lrl0.01_lrh5.0,2999,0.9275045990943909,0.15601599603180724,1.1989719867706299,0.2659301603843057,1.1893232266108196,0.004520990025293518,0.17850000162919363,0.001224747353413047,1.1669472058614094,0.004204965422568544,0.1816666672627131,0.003681788171342217,-0.022376020749409992,0.0022213282708753116,0.0031666656335194907,0.002460802774929925
SSGD_lrl0.1_lrh0.5,0,1.147125283877055,0.009038788111213936,2.30820631980896,0.0433929512615867,2.2982656955718994,0.013341549485090151,0.859333336353302,0.012043904207718746,2.3049001693725586,0.011431103987397048,0.868999977906545,0.009416299075714915,0.00663447380065918,0.0019277878502022999,0.009666641553243002,0.002778889829776129
SSGD_lrl0.1_lrh0.5,50,1.0615708430608113,0.05471134471060303,1.7635797659556072,0.1082726161524485,1.930538018544515,0.018471214287589972,0.4778333405653636,0.07244807357295821,1.9338658650716145,0.016047413581702853,0.4806666672229767,0.09139415483373409,0.0033278465270996094,0.006150649810734276,0.0028333266576131186,0.028960708550943737
SSGD_lrl0.1_lrh0.5,100,1.0055367946624756,0.09835155315641698,1.666085680325826,0.14392089494162827,1.6079054673512776,0.05682098828751473,0.3541666666666667,0.07103676810505763,1.5900911490122478,0.05439568084283821,0.3633333444595337,0.06944222033647815,-0.01781431833902995,0.0030043422809064384,0.009166677792867025,0.0024944433129729074
SSGD_lrl0.1_lrh0.5,150,1.032911519209544,0.05571621985159335,1.4607014656066895,0.1493703773597737,1.469820221265157,0.036943853753733664,0.2694999972979228,0.011045365413415515,1.4449786345163982,0.04038551165019608,0.27700000007947284,0.01840290754676581,-0.024841586748758953,0.00409051302035075,0.00750000278155009,0.010230675119302656
SSGD_lrl0.1_lrh0.5,200,0.9331974387168884,0.0625494416994339,1.2595404386520386,0.10048745077883711,1.3533401886622112,0.009818446334626623,0.24166666467984518,0.016739841844534052,1.3171549240748088,0.009111143738129402,0.23699999849001566,0.016268576980454502,-0.036185264587402344,0.0025123854506285473,-0.004666666189829509,0.00047140898839622574
SSGD_lrl0.1_lrh0.5,250,1.0743135809898376,0.0683456947143479,1.3710979620615642,0.11708381567578773,1.3072254657745361,0.009308015830204314,0.23933333158493042,0.028578345364254708,1.2802843650182087,0.010917201834261134,0.2416666696468989,0.025590798612138022,-0.026941100756327312,0.009176616294638734,0.0023333380619684854,0.007813791086976307
SSGD_lrl0.1_lrh0.5,300,1.0594956278800964,0.12265222004382378,1.2408584356307983,0.1511324255561098,1.2943918307622273,0.03234968058707148,0.2763333370288213,0.03036536124396178,1.2641424338022869,0.037470634514077936,0.25933333734671277,0.032293794943703234,-0.030249396959940594,0.005524537437764728,-0.016999999682108562,0.0024832794365413965
SSGD_lrl0.1_lrh0.5,350,1.1570756435394287,0.10547296632485043,1.296634554862976,0.06837265732834606,1.2416160901387532,0.0031417974169352597,0.24866666893164316,0.016443505269973412,1.2261732816696167,0.011644398287769173,0.24799999594688416,0.014764816649579552,-0.015442808469136557,0.00861830286180584,-0.0006666729847590128,0.005542765619549535
SSGD_lrl0.1_lrh0.5,400,1.0654614567756653,0.08787442696194002,1.1133413712183635,0.10825671225530707,1.2408093214035034,0.021254532537162366,0.21699999769528708,0.010206203611573029,1.2162403265635173,0.021276525208447177,0.21866666773955026,0.012283683806406017,-0.024568994839986164,0.0057685521597988666,0.0016666700442632039,0.005482295425455574
SSGD_lrl0.1_lrh0.5,450,1.0608699123064678,0.060534489313907563,1.3095156351725261,0.16782926910314655,1.216914455095927,0.03044781835251784,0.25983333090941113,0.04547220801742176,1.195755163828532,0.03692135842441343,0.2643333375453949,0.046521208121132494,-0.02115929126739502,0.011669535439533845,0.004500006635983785,0.013235052387932884
SSGD_lrl0.1_lrh0.5,500,0.8606327176094055,0.14439921233115363,1.0197869141896565,0.08104870900186324,1.203150471051534,0.031525113624438064,0.23616666595141092,0.015287970770600215,1.1968233982721965,0.030560530294751472,0.2446666657924652,0.010872998303076305,-0.006327072779337565,0.00563711393158349,0.008499999841054281,0.008841188041725541
SSGD_lrl0.1_lrh0.5,550,0.7281776269276937,0.12043593904071956,1.1900951266288757,0.36060183854429223,1.2094975709915161,0.034635991214608544,0.2626666675011317,0.0426933537069466,1.1956130266189575,0.05428623479691301,0.26666667064030963,0.036971467677897205,-0.013884544372558594,0.019654377754558874,0.0040000031391779585,0.007222642878263132
SSGD_lrl0.1_lrh0.5,600,0.9566769997278849,0.1934327055330172,1.2024776935577393,0.1306250562220228,1.1521718899408977,0.03532823850646795,0.2199999988079071,0.01804161836105286,1.1460084915161133,0.03199868988042204,0.2376666615406672,0.014817407486315404,-0.006163398424784343,0.0038292219009459843,0.017666662732760113,0.0038801418375726017
SSGD_lrl0.1_lrh0.5,650,1.0700265963872273,0.06728217406071109,1.1326900720596313,0.08866902552732482,1.159204641977946,0.019405007404067805,0.22666666408379874,0.020434168961207064,1.1450705130894978,0.027529450670936678,0.23866666356722513,0.02923848609238175,-0.01413412888844808,0.010587433935153759,0.011999999483426413,0.015769173728403345
SSGD_lrl0.1_lrh0.5,700,0.8278269171714783,0.08965100383133355,1.2111870845158894,0.15343999983225864,1.2135653893152873,0.024145281108501726,0.24316666523615518,0.02307355507942647,1.1970159610112507,0.024179404004869245,0.24399999777475992,0.018457160019736962,-0.016549428304036457,0.004450982700864188,0.0008333325386047363,0.009577166792356848
SSGD_lrl0.1_lrh0.5,750,0.7809484203656515,0.11656429269852148,1.1908319195111592,0.24223626486054356,1.166722297668457,0.03121880418286357,0.2426666667064031,0.016504210063839193,1.1501991351445515,0.020855508591941893,0.23966666559378305,0.011145506349563121,-0.016523162523905437,0.010665166820448862,-0.0030000011126200357,0.010700467843972305
SSGD_lrl0.1_lrh0.5,800,0.9375304778416952,0.2685116249612608,1.1184167663256328,0.18840645329954947,1.1766067345937092,0.04082108126803954,0.23566667238871256,0.021526472931425414,1.1584556500116985,0.03992525771321245,0.2480000009139379,0.026733255332808327,-0.018151084582010906,0.0035292221925387166,0.012333328525225321,0.008984554611843266
SSGD_lrl0.1_lrh0.5,850,0.8941309054692587,0.37622808785688144,1.3407159248987834,0.1823184916441187,1.104234019915263,0.018578378698161774,0.21499999860922495,0.009899496433828321,1.092080553372701,0.0218617234899755,0.22033333778381348,0.012970049172812208,-0.01215346654256185,0.003294849929669332,0.005333339174588521,0.007717221790475316
SSGD_lrl0.1_lrh0.5,900,1.0493648052215576,0.08379163150726536,1.0008381803830464,0.12520208207818156,1.1475168863932292,0.03284960449346012,0.21983333428700766,0.013021351329418802,1.1359622875849407,0.03232422498750616,0.23100000123182932,0.006976145470926782,-0.011554598808288574,0.006364220251679755,0.011166666944821676,0.007845738735092422
SSGD_lrl0.1_lrh0.5,950,0.9330154061317444,0.20273305665103444,1.0178952813148499,0.24181660435941554,1.1537338892618816,0.010542670877709106,0.23783333599567413,0.022950435748935977,1.1320666074752808,0.01583937292234459,0.24233332773049673,0.013912422112514406,-0.02166728178660075,0.00668116927375719,0.004499991734822591,0.010700474574733282
SSGD_lrl0.1_lrh0.5,1000,0.7252439260482788,0.16324063883138437,1.0564275979995728,0.18526478060854945,1.1308708588282268,0.035736804196904025,0.21516666809717813,0.023299977399658847,1.1227055788040161,0.03931410580579419,0.22600000103314719,0.013928391184298812,-0.008165280024210611,0.004710416730483367,0.010833332935969034,0.009463377894298889
SSGD_lrl0.1_lrh0.5,1050,0.816136638323466,0.13642312942338325,1.092177112897237,0.07269327543215559,1.1374936898549397,0.01680369741803915,0.24883333345254263,0.030605915091697418,1.1248111724853516,0.018938555954708683,0.26166666050752,0.0256298402293297,-0.012682517369588217,0.010638251783258203,0.012833327054977417,0.006536218604855391
SSGD_lrl0.1_lrh0.5,1100,0.957511822382609,0.2844171588261582,1.2500670154889424,0.3292859694095439,1.1375789642333984,0.02517655538337665,0.21433333059151968,0.011728406556266877,1.1268492937088013,0.02621089738751421,0.23066666722297668,0.010964593417960172,-0.010729670524597168,0.004029333507551544,0.016333336631457012,0.008055369207999744
SSGD_lrl0.1_lrh0.5,1150,1.1737834612528484,0.2280731317908047,1.0037157932917278,0.1872658358341558,1.1571163336435955,0.024922823634356158,0.2416666696468989,0.017060354057474785,1.1446670691172283,0.022325363032949828,0.24566666781902313,0.010274025626647266,-0.012449264526367188,0.003689130642077473,0.003999998172124227,0.007560867974178055
SSGD_lrl0.1_lrh0.5,1200,1.0608855485916138,0.14316246341509387,1.130116601785024,0.10666981110003806,1.1617728074391682,0.05682014740589758,0.2721666693687439,0.024482422373820454,1.1497011582056682,0.0517507570892017,0.26866666972637177,0.022171055159774754,-0.012071649233500162,0.007177126194123218,-0.0034999996423721313,0.004813170118043501
SSGD_lrl0.1_lrh0.5,1250,0.8854502042134603,0.17455635214088755,1.2677523692448933,0.22582075147517547,1.1457369327545166,0.015441771513661771,0.25183333456516266,0.027977176877655826,1.1213233868281047,0.013961564205565376,0.2516666650772095,0.024944382684693442,-0.024413545926411945,0.004008345737912037,-0.00016666948795318604,0.003064132622884794
SSGD_lrl0.1_lrh0.5,1300,0.8245540459950765,0.09455814585815032,0.9791540106137594,0.24251891287987215,1.1523294846216838,0.018205089483600438,0.26666667064030963,0.012684200603261952,1.135919451713562,0.009296638800563908,0.26333333055178326,0.01040299109673272,-0.016410032908121746,0.01062120775722252,-0.0033333400885264077,0.0030912027886812743
SSGD_lrl0.1_lrh0.5,1350,0.7578252653280894,0.40138329272459555,1.08866282304128,0.0650536304118227,1.126499056816101,0.0136318325601596,0.24699999888737997,0.0057879151628647645,1.1060532331466675,0.009812543436775114,0.2516666700442632,0.0032998383328371856,-0.020445823669433594,0.0038207701769650696,0.00466667115688324,0.0057203315106845835
SSGD_lrl0.1_lrh0.5,1400,0.9751935203870138,0.0326596356204626,1.3690726359685261,0.09641959576557182,1.1232025225957234,0.024367038505999843,0.2659999926884969,0.0063377216114786665,1.1165727774302165,0.024765688857572316,0.2646666665871938,0.011323527937566281,-0.006629745165506999,0.0008165409045243716,-0.0013333261013031006,0.005542761885660978
SSGD_lrl0.1_lrh0.5,1450,0.6287788351376852,0.09447421091684707,0.9548543691635132,0.10133681781677964,1.1605013211568196,0.021688847780452943,0.26366665959358215,0.005169361893300927,1.1304406722386677,0.024464639382057642,0.26799999674161273,0.0021602558759394623,-0.030060648918151855,0.005390131810361929,0.004333337148030599,0.003423771089519251
SSGD_lrl0.1_lrh0.5,1500,0.8510603706041971,0.19699160214916256,0.9503523310025533,0.08825299156450318,1.1599716742833455,0.02417960779903751,0.2684999903043111,0.008376556436899593,1.1410807371139526,0.020396953050080914,0.2669999996821086,0.008981456258167162,-0.018890937169392902,0.006353395922378481,-0.0014999906222025554,0.0007071047020466942
SSGD_lrl0.1_lrh0.5,1550,0.7324331204096476,0.09662563732935159,1.0436389446258545,0.08209321006220276,1.1180202166239421,0.04244739664684319,0.25566666821638745,0.020038856648393902,1.0936447779337566,0.048471476965544984,0.25733332832654315,0.023098819158537037,-0.024375438690185547,0.012881823198587822,0.0016666601101557414,0.003091198503783494
SSGD_lrl0.1_lrh0.5,1600,0.5071961681048075,0.07542995453356233,1.421803633371989,0.26516848409125876,1.134775201479594,0.03855024651360027,0.27450000246365863,0.020510162900870408,1.1135454177856445,0.04331679779953914,0.28066665927569073,0.023697163124262385,-0.021229783693949383,0.014666385585865272,0.0061666568120320635,0.01062491552281965
SSGD_lrl0.1_lrh0.5,1650,1.0400726397832234,0.12665524082237173,1.0033454696337383,0.1350253094674787,1.1743639707565308,0.02834434290126804,0.2998333275318146,0.005436506460728965,1.1645907163619995,0.02247823527413835,0.29799999793370563,0.008831761892163635,-0.00977325439453125,0.009354105280989898,-0.0018333295981089275,0.0075865322080307
SSGD_lrl0.1_lrh0.5,1700,0.7124499479929606,0.121667951723633,1.1649643182754517,0.23886430234007575,1.18700377146403,0.009315056831831337,0.30416666467984516,0.014664772687166996,1.1770446300506592,0.011233731631570765,0.3123333354791005,0.015584885458735391,-0.009959141413370768,0.0026778009048831664,0.008166670799255371,0.007260998540673809
SSGD_lrl0.1_lrh0.5,1750,0.7890798648198446,0.2250060173995983,1.1053394079208374,0.16935502989635065,1.1519124110539753,0.035429494120317796,0.26366666456063587,0.03319219995433873,1.1295053958892822,0.03239102340362496,0.26733332375685376,0.025978623376614444,-0.022407015164693195,0.009976500192118262,0.003666659196217855,0.00721495273895502
SSGD_lrl0.1_lrh0.5,1800,0.791852335135142,0.08936703554500673,0.9843676487604777,0.2905104544875376,1.1198207934697468,0.03986086080402489,0.27400000393390656,0.024993334603266366,1.1004095077514648,0.042015586574930236,0.27700000007947284,0.023762718064700643,-0.019411285718282063,0.01299171401655606,0.0029999961455663047,0.01899123393042006
SSGD_lrl0.1_lrh0.5,1850,0.8050686717033386,0.1556949970071083,1.0583084225654602,0.11488555114601881,1.1110759973526,0.01686662182112244,0.2681666711966197,0.01939645301165,1.0928140083948772,0.022850178312772328,0.2630000064770381,0.025703438324260253,-0.01826198895772298,0.006294315296208319,-0.005166664719581604,0.007586534608668374
SSGD_lrl0.1_lrh0.5,1900,0.8435001174608866,0.19798989245482865,0.8628548979759216,0.060502631725449084,1.1750785112380981,0.055688105412939816,0.3111666738986969,0.03583837606263123,1.1600447098414104,0.06079945423380079,0.31566666563351947,0.025223453283260068,-0.015033801396687826,0.01705620977083658,0.004499991734822591,0.010977248143045118
SSGD_lrl0.1_lrh0.5,1950,0.5517618060112,0.03409249592720281,1.1623462239901226,0.14016960307760026,1.1550761461257935,0.0245582406349045,0.2959999938805898,0.021648705280639682,1.1348758935928345,0.013583880316454407,0.2889999945958455,0.01574801107493669,-0.020200252532958984,0.01462913849474233,-0.006999999284744263,0.006683314204803708
SSGD_lrl0.1_lrh0.5,2000,0.8726685245831808,0.18573737979203528,1.170061965783437,0.29391484427289494,1.1411381562550862,0.024503705134150722,0.26983333627382916,0.011227435880393911,1.1263059775034587,0.019337482198450818,0.27566665410995483,0.013695092095429977,-0.014832178751627604,0.005249690096087138,0.0058333178361256914,0.018130687914401325
SSGD_lrl0.1_lrh0.5,2050,0.7513760924339294,0.09425761915567003,1.1506166458129883,0.16875532703788299,1.1299196481704712,0.014280799756786323,0.2628333270549774,0.0011785101780616189,1.1077603499094646,0.014987384780553711,0.26333333055178326,0.0012472136915146715,-0.022159298261006672,0.010516780925348641,0.0005000034968058268,0.0004082552012366855
SSGD_lrl0.1_lrh0.5,2100,0.6621211469173431,0.1566930924795188,1.0160183509190877,0.21132558908053203,1.1276299556096394,0.024628564654751117,0.2930000027020772,0.01944221551003117,1.1115118662516277,0.025287743216108084,0.28166666626930237,0.024073958282627105,-0.016118089358011883,0.00549734960307978,-0.011333336432774862,0.004642800508701088
SSGD_lrl0.1_lrh0.5,2150,0.919300397237142,0.2187500203390796,1.5943604310353596,0.23176910920463387,1.1670902570088704,0.03160991627730004,0.3011666735013326,0.02925273078414034,1.1500499248504639,0.025020233435757062,0.3060000042120616,0.030408322597227113,-0.017040332158406574,0.011968928948252447,0.004833330710728963,0.002013837266339647
SSGD_lrl0.1_lrh0.5,2200,1.075198729832967,0.06382037233626527,1.415319561958313,0.24264286090491624,1.1678731838862102,0.053732221377308764,0.28733332951863605,0.015200509107127226,1.149038275082906,0.05347003724906072,0.2893333435058594,0.008576452787490842,-0.018834908803304035,0.0048946121677920845,0.002000013987223307,0.0075608587769816936
SSGD_lrl0.1_lrh0.5,2250,0.5702109932899475,0.15735858261981603,1.1733514467875164,0.1261584813211366,1.1292571624120076,0.03969509460254433,0.2813333372275035,0.014296456180408933,1.1124719778696697,0.04289722757674848,0.28866666555404663,0.02317087272956908,-0.016785184542338055,0.011027681024679268,0.007333328326543172,0.014155888628387132
SSGD_lrl0.1_lrh0.5,2300,0.7158336242039999,0.0679655796946119,1.0721256136894226,0.12127366078403957,1.144108494122823,0.014595347812119918,0.30666666229565936,0.008369921515709146,1.1315597295761108,0.01464044410798616,0.31199999650319415,0.015641826760043522,-0.01254876454671224,0.003943543400119232,0.00533333420753479,0.00877813821837216
SSGD_lrl0.1_lrh0.5,2350,0.7526168823242188,0.16852622332100747,0.9392255147298177,0.12418630836461153,1.1353175242741902,0.03924632081843056,0.29216666022936505,0.011813359340872461,1.1227375268936157,0.037307608177770686,0.2966666618982951,0.009568472277815966,-0.012579997380574545,0.005490407865499852,0.004500001668930054,0.008640982116351786
SSGD_lrl0.1_lrh0.5,2400,0.6970775624116262,0.19730710721998415,1.0968097448349,0.15167643825544938,1.1277180512746174,0.038904009775632596,0.30249998966852826,0.018457160019736962,1.1008576154708862,0.04593926611657133,0.29866666595141095,0.01811691069609855,-0.02686043580373128,0.008130764750851702,-0.0038333237171173096,0.00659966362022332
SSGD_lrl0.1_lrh0.5,2450,0.5353335837523142,0.09514325349626218,1.1233951846758525,0.1660087934204947,1.126479705174764,0.010981616640953542,0.298333336909612,0.018575675241740135,1.1056764125823975,0.012180800958490069,0.3003333310286204,0.021249831045639298,-0.020803292592366535,0.0021261055101822524,0.0019999941190083823,0.0028577290507142378
SSGD_lrl0.1_lrh0.5,2500,0.9810830950737,0.061814628309077926,0.889655868212382,0.3621821309659325,1.151615023612976,0.033657152423482266,0.2981666624546051,0.003793270250577704,1.1420388619105022,0.04122690298098214,0.2956666648387909,0.0038586132552222707,-0.009576161702473959,0.012481023682171626,-0.002499997615814209,0.000408243034429087
SSGD_lrl0.1_lrh0.5,2550,0.8482754826545715,0.16112962284851412,1.1076377828915913,0.13814645782973348,1.1199771165847778,0.02540872732431508,0.2921666701634725,0.015600920104747071,1.1113604307174683,0.034994511467567525,0.28866666555404663,0.014055449037228435,-0.00861668586730957,0.010888194525191687,-0.0035000046094258628,0.008376555843936363
SSGD_lrl0.1_lrh0.5,2600,0.8210779825846354,0.2062376874001196,0.9741709431012472,0.10862248225760665,1.1366037527720134,0.039835209118241934,0.30116666356722516,0.010679677408087408,1.118102788925171,0.03621200831656858,0.30133333802223206,0.010656241644705064,-0.01850096384684245,0.007453505139378204,0.00016667445500691733,0.00023571327477192667
SSGD_lrl0.1_lrh0.5,2650,0.9015216827392578,0.05855224713853108,1.288103501001994,0.2670575774071803,1.224256157875061,0.05278648346498452,0.35083332657814026,0.041033179333739296,1.210620403289795,0.06732724214863987,0.33700000246365863,0.0342928650616892,-0.013635754585266113,0.02288448829444895,-0.013833324114481607,0.006761807816330874
SSGD_lrl0.1_lrh0.5,2700,0.7563391526540121,0.06411944433707073,1.2287627061208088,0.3818640860887397,1.2195955117543538,0.00724371307314495,0.33266665538152057,0.012651305613533002,1.1911667982737224,0.013487352905860452,0.32866667707761127,0.006018490671056616,-0.02842871348063151,0.006811863865485155,-0.003999978303909302,0.007082839591453674
SSGD_lrl0.1_lrh0.5,2750,0.6085064907868704,0.28534464525929715,1.2741485635439556,0.41346893130049067,1.1430786848068237,0.060098528218317945,0.3073333303133647,0.03596603028869022,1.13729194800059,0.06140168160382948,0.3000000019868215,0.035355333439747574,-0.005786736806233724,0.011123625628975512,-0.007333328326543172,0.007760295196197995
SSGD_lrl0.1_lrh0.5,2800,0.6863546570142111,0.1243013027361325,1.2926060954729717,0.6037093589678414,1.1074557701746623,0.04666488650329436,0.3019999961058299,0.015346006852880822,1.0993504921595256,0.03341630460543852,0.30233333508173627,0.005436502197036653,-0.008105278015136719,0.018079031708646207,0.00033333897590637207,0.020495253159378665
SSGD_lrl0.1_lrh0.5,2850,0.8485687375068665,0.22691123062695154,1.232201337814331,0.3538838751313649,1.1708136002222698,0.05009787854793878,0.32733334104220074,0.025147351972607937,1.143387754758199,0.04824003525178855,0.32633333404858905,0.017987650455439583,-0.027425845464070637,0.002413512729282493,-0.0010000069936116536,0.007176358707288767
SSGD_lrl0.1_lrh0.5,2900,0.8220815261205038,0.11823526393897943,1.2156822284062703,0.0201022242521789,1.1712263822555542,0.08584725731384348,0.3203333417574565,0.036697719943042835,1.1593549648920696,0.0810335894592243,0.3199999928474426,0.04255193124819479,-0.011871417363484701,0.010055241770354335,-0.00033334891001383465,0.005948853543106156
SSGD_lrl0.1_lrh0.5,2950,0.6857541600863138,0.02481574930104451,1.212629755338033,0.379805017194655,1.1822891632715862,0.0725379156735692,0.3396666745344798,0.0458736201127004,1.164204518000285,0.06535370547875162,0.3410000006357829,0.033536051271048445,-0.01808464527130127,0.00820286583047647,0.0013333261013031006,0.012518875475719435
SSGD_lrl0.1_lrh0.5,2999,0.8407849868138632,0.03811852536684599,1.245971918106079,0.41017213588878293,1.1883327960968018,0.024016038122529924,0.33616665999094647,0.014789269124076247,1.17308243115743,0.0323359395687457,0.33766667048136395,0.028639531047783592,-0.015250364939371744,0.009980899160555513,0.0015000104904174805,0.014124448613572373
SSGD_lrl0.1_lrh5.0,0,1.147125283877055,0.009038788111213936,2.30820631980896,0.0433929512615867,2.2982656955718994,0.013341549485090151,0.859333336353302,0.012043904207718746,2.3049001693725586,0.011431103987397048,0.868999977906545,0.009416299075714915,0.00663447380065918,0.0019277878502022999,0.009666641553243002,0.002778889829776129
SSGD_lrl0.1_lrh5.0,50,1.0615708430608113,0.05471134471060303,1.7635797659556072,0.1082726161524485,1.930538018544515,0.018471214287589972,0.4778333405653636,0.07244807357295821,1.9338658650716145,0.016047413581702853,0.4806666672229767,0.09139415483373409,0.0033278465270996094,0.006150649810734276,0.0028333266576131186,0.028960708550943737
SSGD_lrl0.1_lrh5.0,100,1.0055367946624756,0.09835155315641698,1.666085680325826,0.14392089494162827,1.6079054673512776,0.05682098828751473,0.3541666666666667,0.07103676810505763,1.5900911490122478,0.05439568084283821,0.3633333444595337,0.06944222033647815,-0.01781431833902995,0.0030043422809064384,0.009166677792867025,0.0024944433129729074
SSGD_lrl0.1_lrh5.0,150,1.032911519209544,0.05571621985159335,1.4607014656066895,0.1493703773597737,1.469820221265157,0.036943853753733664,0.2694999972979228,0.011045365413415515,1.4449786345163982,0.04038551165019608,0.27700000007947284,0.01840290754676581,-0.024841586748758953,0.00409051302035075,0.00750000278155009,0.010230675119302656
SSGD_lrl0.1_lrh5.0,200,0.9331974387168884,0.0625494416994339,1.2595404386520386,0.10048745077883711,1.3533401886622112,0.009818446334626623,0.24166666467984518,0.016739841844534052,1.3171549240748088,0.009111143738129402,0.23699999849001566,0.016268576980454502,-0.036185264587402344,0.0025123854506285473,-0.004666666189829509,0.00047140898839622574
SSGD_lrl0.1_lrh5.0,250,1.0750920573870342,0.06686380795557773,1.3710774978001912,0.11765636843844446,1.3071303764979045,0.009218866800941274,0.2399999996026357,0.02944768847910294,1.2801640033721924,0.010897630390688464,0.24233333269755045,0.025525582368106592,-0.026966373125712078,0.00919618106249652,0.0023333330949147544,0.008168359298855865
SSGD_lrl0.1_lrh5.0,300,1.062555233637492,0.12083835236798042,1.2383888959884644,0.15013016929850898,1.292398452758789,0.031951980626244526,0.27649999658266705,0.030465825926187514,1.2621171474456787,0.036790122257249216,0.26099999745686847,0.03225936411658808,-0.03028130531311035,0.005335694864542068,-0.015499999125798544,0.002121321130300815
SSGD_lrl0.1_lrh5.0,350,1.150699774424235,0.10466688936196605,1.2951302528381348,0.06616768533751204,1.2396418650945027,0.0027816163395757675,0.24816667040189108,0.016779619299890306,1.2242461045583088,0.011446129614281542,0.24766666193803152,0.01681929884314821,-0.015395760536193848,0.008666720913146155,-0.0005000084638595581,0.005887840699032769
SSGD_lrl0.1_lrh5.0,400,1.0667660037676494,0.0936967771854218,1.1075613101323445,0.10690439185956303,1.237627426783244,0.020817778636585956,0.21633333464463553,0.009629242095009007,1.2131706476211548,0.02117992285946055,0.21899999678134918,0.011343134986872897,-0.02445677916208903,0.005633128903734519,0.0026666621367136636,0.005807083020076107
SSGD_lrl0.1_lrh5.0,450,1.0602702895800273,0.06137583864102388,1.3052115043004353,0.16947749518468666,1.2138002316157024,0.030534825052270165,0.259333332379659,0.0455655794194655,1.1926968097686768,0.036840259618489433,0.2639999985694885,0.04746226687397107,-0.021103421847025555,0.011604188271263957,0.004666666189829509,0.01381625207847341
SSGD_lrl0.1_lrh5.0,500,0.8650120298067728,0.14505978702221822,1.0158308347066243,0.08259112994695497,1.1995083888371785,0.031448441427852455,0.23616666595141092,0.015412838089297809,1.1934163570404053,0.03056836575425791,0.2453333338101705,0.011145506795219293,-0.0060920317967732745,0.005756696501108115,0.009166667858759562,0.00899383075045872
SSGD_lrl0.1_lrh5.0,550,0.7303573687871298,0.1254121948762624,1.185819923877716,0.3617096920563621,1.203900138537089,0.0350369816660619,0.2606666684150696,0.04204825631196848,1.1901380221048992,0.0548431651991854,0.2666666656732559,0.03777418504948549,-0.013762116432189941,0.019811632277782886,0.00599999725818634,0.00722264837990529
SSGD_lrl0.1_lrh5.0,600,0.9514078895250956,0.18605574127106345,1.1971540451049805,0.13145365873043272,1.1456648508707683,0.03569707853672789,0.21716666718324026,0.017806053025564553,1.139699896176656,0.03239985239543648,0.23566666742165884,0.013960257330238776,-0.005964954694112142,0.00396219087794894,0.01850000023841858,0.003937006238224939
SSGD_lrl0.1_lrh5.0,650,1.06884761651357,0.06601507952533005,1.1273058255513508,0.09150397921030723,1.152218222618103,0.019363149017185072,0.22733333706855774,0.020171485224066633,1.137904445330302,0.027333387230932923,0.23699999849001566,0.030430249873569067,-0.014313777287801107,0.010277949165537271,0.009666661421457926,0.01811691042193129
SSGD_lrl0.1_lrh5.0,700,0.8258970975875854,0.09016508210363883,1.2064052025477092,0.1525482416711332,1.2069203058878581,0.02392014825530242,0.24199999868869781,0.022319652945076776,1.1902964512507122,0.024092275798209658,0.24333332975705466,0.0165797721355334,-0.016623854637145996,0.004386556628411229,0.0013333310683568318,0.008759125425000184
SSGD_lrl0.1_lrh5.0,750,0.775919775168101,0.11926108284748743,1.181676983833313,0.24280292138752824,1.1585882902145386,0.03129631882466226,0.24100000162919363,0.016446881897282578,1.1424798965454102,0.02122692146501864,0.24100000162919363,0.010424333056607057,-0.016108393669128418,0.010391271989445363,0.0,0.009600345200221091
SSGD_lrl0.1_lrh5.0,800,0.9255149761835734,0.2660073397848443,1.1031418442726135,0.18861837820857316,1.1651606162389119,0.039306754753466774,0.23216666281223297,0.02054803916685666,1.1472779115041096,0.038191415399351857,0.2446666657924652,0.02441766899685941,-0.017882704734802246,0.0033752618401423798,0.012500002980232239,0.0073484780370820365
SSGD_lrl0.1_lrh5.0,850,0.892715315024058,0.37853183933564416,1.3267871538798015,0.17695380409554543,1.0950796206792195,0.01921954410645841,0.21450000007947287,0.008031184140541872,1.0830191373825073,0.022879338580106982,0.21966666479905447,0.013424682060162256,-0.01206048329671224,0.003660354053275516,0.005166664719581604,0.007261006407500577
SSGD_lrl0.1_lrh5.0,900,1.055719753106435,0.08206746651311832,0.9885400136311849,0.12622383281313712,1.1374778350194295,0.031227528806510294,0.21833333869775137,0.011578235228153124,1.1259352763493855,0.03048141360380771,0.2280000001192093,0.006164414409073442,-0.011542558670043945,0.006169706350506956,0.009666661421457926,0.007982621149817687
SSGD_lrl0.1_lrh5.0,950,0.9279297788937887,0.20594420121303128,1.0065029660860698,0.2394406652532208,1.1429255803426106,0.010559066641237914,0.23516666889190674,0.022076886756000322,1.121585726737976,0.01571856643973875,0.2396666705608368,0.012710457904598625,-0.0213398536046346,0.006561290944413141,0.004500001668930054,0.010416327971993605
SSGD_lrl0.1_lrh5.0,1000,0.7234979569911957,0.16648733439574867,1.046382745107015,0.18595671431227986,1.1210362911224365,0.03651729275309959,0.21400000154972076,0.023731131239279245,1.1131247282028198,0.03993752379654917,0.22566666702429453,0.013719412998833157,-0.0079115629196167,0.004750417502783312,0.01166666547457377,0.010118736107986286
SSGD_lrl0.1_lrh5.0,1050,0.8079507946968079,0.1326935595966322,1.0820427338282268,0.07402317009450143,1.1255549987157185,0.016160347752713237,0.24549999833106995,0.029504238189927166,1.1132652759552002,0.01844958221002947,0.2600000003973643,0.024711670084685274,-0.012289722760518393,0.01070172494405488,0.014500002066294352,0.00593015176248195
SSGD_lrl0.1_lrh5.0,1100,0.9373440543810526,0.2771461428617467,1.2405028740564983,0.33492178256470917,1.1250376303990681,0.02379488421587778,0.21383333206176758,0.009258625392216882,1.1145949761072795,0.024671607860943457,0.22633333504199982,0.008498369440747966,-0.010442654291788736,0.0038095788844814014,0.012500002980232239,0.00533853319741996
SSGD_lrl0.1_lrh5.0,1150,1.1458688378334045,0.22845453909492167,0.9890760978062948,0.18841156715714769,1.1409558455149333,0.02243946620741793,0.23983333508173624,0.018263508295785148,1.1294039090474446,0.01997537399425253,0.24333332975705466,0.00873053301039189,-0.011551936467488607,0.0035438384700469724,0.0034999946753184,0.009933115745783224
SSGD_lrl0.1_lrh5.0,1200,1.0461583932240803,0.1274161799312678,1.1137335101763408,0.11624959048512482,1.146507978439331,0.05478994659321635,0.2665000061194102,0.022364408591562076,1.1347397963205974,0.049606063818978405,0.2690000037352244,0.019595921154287935,-0.011768182118733725,0.00772215199403809,0.002499997615814209,0.006013882973522427
SSGD_lrl0.1_lrh5.0,1250,0.8581111431121826,0.16746483616619295,1.2524059613545735,0.22420770412744565,1.1310737133026123,0.015603966087416975,0.249333327015241,0.02746006921800614,1.1067553361256917,0.013791063967012301,0.24799999594688416,0.02647010683997943,-0.024318377176920574,0.003795182315251478,-0.0013333310683568318,0.0010274011928693893
SSGD_lrl0.1_lrh5.0,1300,0.809465487798055,0.10423234933760324,0.9645143946011862,0.24754154032806683,1.1350018580754597,0.017879701871953018,0.2618333299954732,0.013040537462313383,1.1188207864761353,0.009287101091896406,0.2603333294391632,0.011145507389427494,-0.016181071599324543,0.010215073257603841,-0.0015000005563100178,0.0030822043843691032
SSGD_lrl0.1_lrh5.0,1350,0.7384540438652039,0.37968686960082154,1.0685532093048096,0.06317551228282692,1.107935865720113,0.013318473711158676,0.24083333214124045,0.00449691537522936,1.0880145231882732,0.009886215250309797,0.24766666690508524,0.0020548023857387787,-0.019921342531840008,0.003592790608874774,0.006833334763844808,0.0037712402967243143
SSGD_lrl0.1_lrh5.0,1400,0.9611411492029825,0.03787931847568357,1.352923313776652,0.09190324404886438,1.106001575787862,0.024589438552597147,0.25950000683466595,0.004898977246889914,1.0993343591690063,0.02517296455657993,0.257666677236557,0.011085530044252933,-0.006667216618855794,0.0010040101168643084,-0.0018333295981089275,0.006236100317433357
SSGD_lrl0.1_lrh5.0,1450,0.6177714665730795,0.09120110404722755,0.9336830576260885,0.09742212074375978,1.142977237701416,0.02169639710783739,0.26016666491826373,0.006018490671056616,1.1132230361302693,0.024676782769860184,0.2646666665871938,0.003771243808956783,-0.02975420157114665,0.0051199964003567616,0.004500001668930054,0.0024494825400688553
SSGD_lrl0.1_lrh5.0,1500,0.811041514078776,0.17639306163369295,0.9255132873853048,0.09521700974829816,1.1373664140701294,0.023538765162511695,0.26100000242392224,0.00895358690154445,1.1186511516571045,0.019180530925289988,0.26100000242392224,0.010424338297960505,-0.018715262413024902,0.006292844095782713,0.0,0.0014719648146363305
SSGD_lrl0.1_lrh5.0,1550,0.7149159709612528,0.09540801604928598,1.0267366170883179,0.08624554477768358,1.09409765402476,0.04042591220005731,0.24766666690508524,0.018080070671520378,1.0707478125890095,0.046441216952268834,0.2480000009139379,0.02051016653349891,-0.023349841435750324,0.012842875036939686,0.0003333340088526408,0.003858620120631403
SSGD_lrl0.1_lrh5.0,1600,0.48752738038698834,0.0642265258762779,1.3999545176823933,0.25856618249263824,1.1098323663075764,0.039084600957802605,0.2681666612625122,0.020913846478688672,1.0888086160024006,0.04457438377081107,0.26866666475931805,0.02449943395639846,-0.02102375030517578,0.013438473018090067,0.0005000034968058268,0.009192379496949898
SSGD_lrl0.1_lrh5.0,1650,1.00911549727122,0.1273361692473533,0.9783486525217692,0.13474760057829738,1.1504555940628052,0.0281928336082978,0.2886666754881541,0.003091208144789162,1.1410426298777263,0.022157857103652947,0.28966667254765827,0.010964590850911149,-0.00941296418507894,0.009152519086976138,0.0009999970595041912,0.007874007429921878
SSGD_lrl0.1_lrh5.0,1700,0.7018197973569235,0.11515105757632503,1.1436837514241536,0.2609114281454381,1.1588404575983684,0.0108020296162884,0.29383333524068195,0.011404178893535092,1.1493801673253377,0.013253373267483612,0.3000000019868215,0.014988889961386736,-0.0094602902730306,0.002826485605050716,0.006166666746139526,0.007214960770756772
SSGD_lrl0.1_lrh5.0,1750,0.7700568040211996,0.20317056514739804,1.083806534608205,0.1703230590571657,1.1265932718912761,0.035403046175839926,0.2568333347638448,0.030920151088730828,1.1051766475041707,0.0325946534724608,0.26333333055178326,0.02524986073956028,-0.021416624387105305,0.009934060501464472,0.006499995787938436,0.005671571434457517
SSGD_lrl0.1_lrh5.0,1800,0.7726811567942301,0.1003311573932054,0.9514837265014648,0.2785115941640325,1.0927704970041912,0.034909236672834895,0.2653333346048991,0.020535872248285573,1.0747174421946208,0.0388875186773316,0.2643333325783412,0.014613545967132654,-0.018053054809570312,0.013032246501197895,-0.0010000020265579224,0.017846563551669033
SSGD_lrl0.1_lrh5.0,1850,0.7930210828781128,0.16218072766701605,1.0344303846359253,0.10408690240952635,1.086681604385376,0.017121297123196662,0.26233333845933277,0.020274507523827492,1.069929798444112,0.022973654885002116,0.25866666932900745,0.024143097055684896,-0.016751805941263836,0.005866021835432903,-0.0036666691303253174,0.007792449634740607
SSGD_lrl0.1_lrh5.0,1900,0.8274288972218832,0.2106395601234439,0.8357618451118469,0.07289518843458534,1.1453723510106404,0.052496481669028386,0.3009999990463257,0.030019437845284987,1.1312750180562336,0.057531605503998204,0.3006666700045268,0.024143091775180175,-0.014097332954406738,0.015403759832611616,-0.0003333290417989095,0.00663743801858558
SSGD_lrl0.1_lrh5.0,1950,0.5392899513244629,0.03988376768638389,1.1408069531122844,0.1318825542691231,1.1248480478922527,0.022851290113175774,0.28583332896232605,0.02210706217560376,1.1057669719060261,0.011619362560179737,0.2856666644414266,0.016519340306568,-0.0190810759862264,0.014960356229369117,-0.00016666452089945474,0.008249578270915056
SSGD_lrl0.1_lrh5.0,2000,0.8375866810480753,0.1720314194300848,1.137265960375468,0.2904178363367044,1.1084524790445964,0.022364661768127736,0.2603333294391632,0.009868576315851125,1.0945626894632976,0.017937200720066132,0.26633334159851074,0.014055449037228435,-0.013889789581298828,0.004481594645975419,0.006000012159347534,0.014905259057462454
SSGD_lrl0.1_lrh5.0,2050,0.7334800561269125,0.07939676049188976,1.1275946299235027,0.17653255679920282,1.10000475247701,0.0133114284668348,0.2550000051657359,0.0021602466787431,1.0797092914581299,0.016009744122761203,0.26099999745686847,0.004546063222880809,-0.020295461018880207,0.010504185881014164,0.005999992291132609,0.002449494706826094
SSGD_lrl0.1_lrh5.0,2100,0.626661459604899,0.1414561440087464,0.9713549017906189,0.22482158706268887,1.0875195264816284,0.014898226063938527,0.2760000030199687,0.010303708388350102,1.0724982420603435,0.015486153841987323,0.26599999765555066,0.016391057081803606,-0.015021284421284994,0.004779759997641343,-0.01000000536441803,0.007494453596643948
SSGD_lrl0.1_lrh5.0,2150,0.8860146005948385,0.2196372086091706,1.576207200686137,0.24130927119409676,1.1340856154759724,0.029917974760952204,0.28966666261355084,0.027929478425590633,1.1186199982961018,0.02352360120675799,0.29333333174387616,0.025616831589415495,-0.015465617179870605,0.011674403187921784,0.0036666691303253174,0.002321405246941995
SSGD_lrl0.1_lrh5.0,2200,1.0253608028093975,0.05114372110772274,1.371605118115743,0.26426747167678555,1.1311299403508503,0.050087072657450896,0.27549999952316284,0.012456601186203476,1.1145466168721516,0.04968497768960868,0.2786666651566823,0.01161416033786279,-0.01658332347869873,0.0048820222243650385,0.0031666656335194907,0.0008498529196593722
SSGD_lrl0.1_lrh5.0,2250,0.5490342279275259,0.15619466182988492,1.1284092664718628,0.11453128523282974,1.0951830546061199,0.03919780689617968,0.27150000135103863,0.013159273137015872,1.0790731112162273,0.043036179944872396,0.27899999419848126,0.021275958620343944,-0.016109943389892578,0.010519864504994859,0.007499992847442627,0.011379808132837692
SSGD_lrl0.1_lrh5.0,2300,0.6969294746716818,0.06614440266886384,1.0420710444450378,0.12175887741603622,1.1089718739191692,0.018039418599036405,0.2955000003178914,0.007257188215125575,1.0984317064285278,0.019675567569850356,0.2996666729450226,0.014704491561136705,-0.010540167490641275,0.00438492528333447,0.0041666726271311445,0.008219209542955115
SSGD_lrl0.1_lrh5.0,2350,0.7234455943107605,0.15251560805019082,0.9033823211987814,0.12119819327739824,1.0993351936340332,0.03555953894477693,0.2824999888737996,0.01265569969205358,1.0873637596766155,0.0344004495733162,0.2826666633288066,0.009568472277815966,-0.011971433957417807,0.005289264517368895,0.00016667445500691733,0.007813803164832255
SSGD_lrl0.1_lrh5.0,2400,0.6836129228274027,0.18480078389774943,1.0675467054049175,0.15130485353746775,1.0906400283177693,0.036903308097960226,0.2868333359559377,0.01827718352530995,1.0649824539820354,0.044399417491879964,0.28733332951863605,0.020981474006091936,-0.02565757433573405,0.009046161766070029,0.0004999935626983643,0.00884118888444121
SSGD_lrl0.1_lrh5.0,2450,0.5320635338624319,0.09689255355648486,1.092864751815796,0.1800093157540489,1.085988720258077,0.010634671772425847,0.2853333353996277,0.016372410910089973,1.0653297503789265,0.012736588368295956,0.2826666533946991,0.01835453322900071,-0.02065896987915039,0.0029608785749603798,-0.002666682004928589,0.0030641261387652596
SSGD_lrl0.1_lrh5.0,2500,0.9372645219167074,0.08570209039058292,0.8561463554700216,0.36643897821984817,1.1112579902013142,0.032181651017124606,0.2834999958674113,0.0026770657094750704,1.103157679239909,0.03812670175651314,0.28166666626930237,0.004496915743412376,-0.008100310961405436,0.011082246851837707,-0.0018333295981089275,0.0019293087730605967
SSGD_lrl0.1_lrh5.0,2550,0.8050746917724609,0.1474248450181063,1.083527664343516,0.13873349215496997,1.0777378877003987,0.024776325139958037,0.2756666640440623,0.015012963253021233,1.0704315106074016,0.03445039305315037,0.27433332800865173,0.01873202731839356,-0.007306377092997233,0.010681785390327877,-0.0013333360354105632,0.008024263650819194
SSGD_lrl0.1_lrh5.0,2600,0.7903681000073751,0.19710171423594694,0.9361577828725179,0.11429290810324165,1.0950676202774048,0.03373472118729322,0.28983332713445026,0.011614166040152215,1.0779449939727783,0.030910455270782424,0.29099999864896137,0.012832247624156067,-0.017122626304626465,0.006106769769491225,0.0011666715145111084,0.0012472163464911361
SSGD_lrl0.1_lrh5.0,2650,0.8624572356541952,0.048311247246488234,1.2444180846214294,0.27959819764335603,1.18055256207784,0.05157798397219472,0.3318333327770233,0.039311429614463184,1.1683778365453084,0.06613999342082179,0.3216666678587596,0.028158278689144237,-0.012174725532531738,0.021071477000635525,-0.010166664918263754,0.011549408575774217
SSGD_lrl0.1_lrh5.0,2700,0.7232427795728048,0.07305894790798965,1.1678530375162761,0.3919930227778621,1.1698310772577922,0.007162983907181781,0.3125,0.013490733975664537,1.1430856386820476,0.013310388777296268,0.30666666229565936,0.008178558689505434,-0.02674543857574463,0.006163522331686146,-0.005833337704340617,0.00612826470543288
SSGD_lrl0.1_lrh5.0,2750,0.5821991165479025,0.28031325850482436,1.2301664352416992,0.4208920322846789,1.1012554963429768,0.05889928414877033,0.2921666701634725,0.03465624851058255,1.0963558355967205,0.061192797626723056,0.2939999997615814,0.03608323672210572,-0.004899660746256511,0.010838239573760006,0.0018333295981089275,0.006712335295174382
SSGD_lrl0.1_lrh5.0,2800,0.6487002869447073,0.11622252034337721,1.2483773330847423,0.610067807328055,1.0628525018692017,0.04359366931983893,0.2891666690508525,0.011946638572733953,1.0567313432693481,0.032840639087418404,0.29099999864896137,0.007873998598486965,-0.006121158599853516,0.016824572571922426,0.0018333295981089275,0.019340506947880098
SSGD_lrl0.1_lrh5.0,2850,0.8040803869565328,0.21308578509220963,1.1629513104756672,0.36434874116015725,1.1155908505121868,0.04554223988469849,0.30666667222976685,0.022819338259299684,1.090145746866862,0.04416116062429696,0.30666666229565936,0.01461353780967774,-0.025445103645324707,0.003149100772444314,-9.934107462565104e-09,0.008376556436899593
SSGD_lrl0.1_lrh5.0,2900,0.757960319519043,0.08098418739235873,1.1654632091522217,0.034941159825056356,1.1151480674743652,0.0746176751620417,0.298333336909612,0.030403775003230157,1.1046759684880574,0.06956236030945889,0.3096666634082794,0.0333599787295916,-0.01047209898630778,0.010296684465624288,0.011333326498667399,0.008024261793829977
SSGD_lrl0.1_lrh5.0,2950,0.6623364686965942,0.055378084974319765,1.1801257133483887,0.3936483745595124,1.1278754870096843,0.06100376371718594,0.31916667024294537,0.037950256040992114,1.1118985811869304,0.05351184440143277,0.32266666491826373,0.023228340348628237,-0.015976905822753906,0.009366742568495935,0.0034999946753184,0.014988876043322571
SSGD_lrl0.1_lrh5.0,2999,0.7767504652341207,0.030423772123717278,1.1836127042770386,0.43231258095387415,1.1362530787785847,0.020766722345643647,0.31216666102409363,0.008269765937150028,1.121973713239034,0.029353508785874286,0.31666667262713116,0.019686433637424304,-0.014279365539550781,0.009407106376359636,0.0045000116030375166,0.011640443221006564
